id,D1Mit18,D1Mit80,D1Mit17,D2Mit379,D2Mit75,D2Mit17,D2Mit304,D2Mit48,D3Mit22,D3Mit18,D4Mit2,D4Mit352,D5Mit11,D5Mit30,D6Mit104,D6Mit15,D7Mit74,D7Mit25,D7Nds5,D7mit30,D7Mit31,D7Mit17,D7Mit71,D8Mit124,D8Mit4,D8Mit195,D8Mit31,D8Mit294,D8Mit40,D8Mit120,D8Mit36,D9Mit42,D9Mit31,D9Mit10,D9Mit182,D9Mit17,D10Mit61,D10Mit70,D11Mit20,D11Mit4,D11Mit36,D11Mit41,D11Mit288,D8Mit18,D11Mit101,D12Mit88,D12Mit134,D13Mit10,D13Mit51,D14Mit54,D14Mit195,D15Mit22,D15Mit159,D16Mit131,D16Mit4,D16Mit30,D16Mit19,D16Mit70,D17Mit46,D17Mit93,D18Mit20,D18Mit186,D19Mit68,D19Mit37,DXMit16,DXMit186
1,BB,SB,SB,SB,SB,SS,SS,SS,SB,BB,BB,BB,SB,SB,SB,BB,SS,SS,SS,SS,SB,SB,BB,BB,SS,SS,SB,SB,SB,SB,SB,SB,SB,BB,BB,BB,SS,SS,SB,SB,SB,SB,SB,SB,SS,SS,BB,BB,BB,SB,BB,SS,SB,SB,SB,SB,SB,SS,SB,SB,BB,SS,BB,SB,BB,BB
2,-,-,-,BB,BB,SB,SB,SB,-,-,-,-,-,-,-,-,-,-,-,-,-,-,-,SB,SB,SB,SB,SB,SB,SB,SB,SS,SB,SB,SB,SB,-,-,SS,SS,SS,SS,SS,SS,SS,-,-,-,-,-,-,-,-,BB,SB,SB,SS,SS,-,-,-,-,-,-,-,-
3,BB,SB,SB,SB,SB,SB,SB,BB,SB,SB,BB,SB,BB,SB,SB,SB,BB,BB,BB,SS,SS,SS,SB,BB,BB,BB,BB,SS,SS,SS,SS,BB,BB,SB,SB,SB,BB,SB,SS,SS,SB,SB,SB,SB,SB,SS,SS,SS,SB,SB,BB,SS,SS,SB,SS,SS,SS,SS,SB,SB,BB,BB,SB,SB,SS,SS
4,SB,SB,BB,SS,SS,SS,SS,SS,BB,SB,SB,SB,SB,SS,SS,SB,SB,SB,SB,SS,SS,SS,SB,SS,SS,SS,SS,SS,SS,SS,SS,SB,SB,BB,BB,BB,SB,SB,SB,SB,SB,SB,SB,SB,BB,SS,SB,SB,SS,BB,BB,BB,BB,SB,SB,SB,BB,BB,SS,SS,SB,SB,SB,SB,SS,SS
5,-,-,-,SB,SB,SB,SB,SB,-,-,-,-,-,-,-,-,-,-,-,-,-,-,-,BB,SS,SS,SS,SS,SS,SB,SB,BB,BB,BB,BB,SS,-,-,SS,SS,SB,SB,SB,SB,SB,-,-,-,-,-,-,-,-,SB,SS,SS,SB,SB,-,-,-,-,-,-,-,-
6,-,-,-,SS,SS,SS,SS,SB,-,-,-,-,-,-,-,-,-,-,-,-,-,-,-,SS,SS,SS,SS,SB,SB,BB,BB,BB,BB,SB,SB,SB,-,-,SB,SB,SB,SB,SB,SB,SB,-,-,-,-,-,-,-,-,BB,SB,BB,SB,SB,-,-,-,-,-,-,-,-
7,BB,BB,BB,SB,SB,BB,BB,BB,SB,SB,BB,BB,SB,SB,SB,SB,SB,SB,SB,SB,SB,SB,SB,SB,SB,SB,SB,SB,SB,SB,SB,SS,SS,SB,SB,SB,BB,BB,SB,SB,SB,SS,SB,SB,SB,SB,SS,BB,BB,SB,SB,SB,SB,SS,SB,BB,BB,BB,BB,SB,BB,SB,BB,SS,BB,BB
8,-,-,-,SB,SB,SB,SB,SB,-,-,-,-,-,-,-,-,-,-,-,-,-,-,-,BB,BB,BB,BB,BB,BB,BB,BB,BB,BB,SB,SB,SB,-,-,SS,SS,SB,SB,SB,SB,SB,-,-,-,-,-,-,-,-,BB,SB,SB,SB,SB,-,-,-,-,-,-,-,-
9,SB,BB,SB,SB,SB,SS,SS,SS,SB,BB,BB,SB,SB,BB,SB,SS,BB,BB,BB,SS,SS,SS,SS,SB,SB,SB,SB,SB,SB,SB,SB,SB,SB,SB,SB,SB,SB,SB,BB,BB,BB,BB,BB,BB,BB,SB,SB,SB,SB,BB,SB,SB,SB,SB,SB,SB,SB,SB,SS,BB,SS,SS,BB,SS,BB,BB
10,-,-,-,SB,BB,SB,SB,SB,-,-,-,-,-,-,-,-,-,-,-,-,-,-,-,SB,SB,SB,SB,SB,SB,SB,SB,SB,BB,BB,BB,BB,-,-,BB,SB,SB,SB,SB,SB,SS,-,-,-,-,-,-,-,-,SS,SB,SB,BB,BB,-,-,-,-,-,-,-,-
11,-,-,-,SB,BB,SB,SB,SB,-,-,-,-,-,-,-,-,-,-,-,-,-,-,-,SS,SS,SS,SS,SB,SB,SB,SB,SB,SS,SS,SS,SS,-,-,SB,SB,BB,BB,BB,BB,BB,-,-,-,-,-,-,-,-,BB,BB,BB,BB,BB,-,-,-,-,-,-,-,-
12,BB,SB,SB,BB,BB,BB,BB,BB,BB,SB,BB,BB,SS,SB,SB,SB,SS,SS,SS,SB,SB,SB,BB,SS,SS,SS,SB,SB,SB,BB,BB,SS,SB,SB,SB,BB,BB,BB,BB,BB,BB,BB,BB,BB,SB,SB,SB,BB,SB,BB,BB,SB,SB,SB,SB,SB,SB,SB,SS,SS,BB,SS,SS,SB,SS,BB
13,-,-,-,SB,BB,BB,BB,SB,-,-,-,-,-,-,-,-,-,-,-,-,-,-,-,BB,BB,BB,BB,BB,BB,BB,SB,SS,SS,SB,SB,BB,-,-,SB,BB,SB,SB,SB,SB,BB,-,-,-,-,-,-,-,-,BB,BB,BB,BB,BB,-,-,-,-,-,-,-,-
14,SS,SB,SB,SB,SB,SB,SB,SS,SB,SB,SS,SB,SB,BB,SS,SB,BB,SB,SB,SS,SS,SS,SS,SB,SB,SB,BB,BB,BB,SB,SB,SB,SB,SB,SB,SB,BB,BB,SB,SB,SB,SB,SB,SB,SB,BB,SB,SS,SB,SB,SB,SB,SB,BB,BB,BB,BB,BB,SB,SB,BB,BB,BB,SB,SS,SS
15,-,-,-,BB,BB,BB,BB,BB,-,-,-,-,-,-,-,-,-,-,-,-,-,-,-,SB,SB,SB,SB,SB,SB,SB,SB,SB,BB,SB,SB,SB,-,-,BB,SB,BB,BB,BB,BB,SB,-,-,-,-,-,-,-,-,BB,BB,SB,SB,SB,-,-,-,-,-,-,-,-
16,SB,SB,SB,SB,SB,SS,SS,SS,SB,SB,SS,SB,SB,BB,BB,BB,BB,BB,BB,BB,SB,BB,SB,SB,SB,SB,SB,SB,SB,SS,SS,SB,SB,SB,SB,SB,SS,SB,SB,SB,SB,SB,SB,SS,SS,SS,SB,BB,BB,SB,SB,SB,SS,SB,BB,BB,BB,BB,SB,SS,SB,BB,SS,BB,BB,BB
17,-,-,-,SB,SB,SB,SB,SB,-,-,-,-,-,-,-,-,-,-,-,-,-,-,-,SB,SB,SB,SB,SB,SS,SB,BB,SB,SB,SB,SB,SB,-,-,SS,SS,SS,SS,SB,SB,SB,-,-,-,-,-,-,-,-,SB,SB,SB,SB,SS,-,-,-,-,-,-,-,-
18,-,-,-,SB,SB,SB,BB,BB,-,-,-,-,-,-,-,-,-,-,-,-,-,-,-,BB,BB,BB,BB,BB,BB,SB,SB,BB,SB,SB,SS,SB,-,-,SS,SS,SB,SB,SB,SB,SB,-,-,-,-,-,-,-,-,SS,SS,SS,SB,SB,-,-,-,-,-,-,-,-
19,-,-,-,BB,SB,SB,SB,BB,-,-,-,-,-,-,-,-,-,-,-,-,-,-,-,BB,BB,BB,BB,BB,BB,BB,BB,SB,SS,SB,SB,SB,-,-,SS,SS,SS,SS,SS,SB,SB,-,-,-,-,-,-,-,-,BB,BB,BB,SB,SS,-,-,-,-,-,-,-,-
20,SB,SB,BB,SB,SB,SB,SB,SS,SB,SB,SB,SB,SS,SB,BB,SB,BB,BB,BB,SB,SB,SB,SB,SS,SS,SB,SB,SB,SB,SB,SB,SS,SS,SS,SS,SB,SB,SB,BB,BB,BB,BB,BB,BB,BB,SS,SS,SB,SS,SB,BB,SB,SB,SB,SB,SB,SB,SB,SS,SB,SB,SB,SB,SB,BB,BB
21,BB,BB,BB,SS,SS,SS,SS,SB,BB,SB,SS,SB,SS,SS,BB,SB,SS,SS,SS,SB,SB,SB,SB,BB,BB,BB,BB,SB,SB,SS,SS,BB,BB,BB,BB,SS,SS,SS,SB,SB,SB,SB,SS,SS,SB,SB,SB,SB,SB,SB,BB,BB,SB,SB,SB,BB,BB,BB,BB,SS,SB,SB,BB,SS,BB,BB
22,SB,SB,SB,SS,SS,SS,SB,SB,BB,SB,SB,BB,SB,SS,SB,SS,SS,SS,SS,SB,SB,SB,SB,SB,SB,SB,SB,SB,SB,SS,SS,SB,SB,SB,SB,SB,SB,SS,SB,SS,SS,SS,SS,SS,SS,SB,SB,SB,SB,BB,BB,SB,BB,SB,SB,BB,BB,BB,BB,SB,SB,BB,SS,SS,SS,SS
23,-,-,-,SB,SB,SB,SB,SS,-,-,-,-,-,-,-,-,-,-,-,-,-,-,-,SB,BB,BB,BB,BB,BB,BB,SB,SB,BB,BB,SB,SB,-,-,SS,SS,SB,SB,SB,SB,SB,-,-,-,-,-,-,-,-,SB,SB,SB,SB,SB,-,-,-,-,-,-,-,-
24,SB,SB,SB,SB,SB,SB,SB,SB,SB,BB,SB,SB,BB,SB,SS,SB,SS,SS,SS,SB,SB,SB,BB,SB,BB,BB,BB,BB,SB,SB,SB,BB,SB,SB,SB,SB,SB,SB,SB,SB,SB,SB,SB,SB,SB,SB,SB,BB,BB,SS,SS,SB,BB,SS,SB,SB,BB,BB,SS,SS,SS,SS,SB,BB,BB,SS
25,BB,SB,SS,SB,SB,SS,SS,SB,SS,SB,SB,SS,SB,BB,BB,BB,SS,SS,SS,SB,SB,SB,BB,SB,SB,SB,SS,SS,SS,SS,SS,SS,SS,SS,SB,SB,BB,SB,SB,SB,SB,SB,SB,SB,SB,SS,SS,SB,SB,BB,SB,SS,SS,BB,BB,BB,BB,BB,BB,SB,SB,SB,BB,SS,SS,BB
26,BB,BB,SB,SS,SS,SS,SS,SS,BB,SB,SS,SB,BB,BB,BB,SB,BB,BB,BB,SB,SB,SB,BB,SB,SB,SS,SS,SS,SS,SS,SB,SB,BB,BB,BB,SB,SB,SB,BB,BB,SB,SB,SB,SB,SB,SB,BB,SB,SB,BB,BB,BB,SB,SS,SS,SS,SS,SS,SB,SS,SS,SB,SS,SS,BB,BB
27,-,-,-,SB,SB,SB,SB,SB,-,-,-,-,-,-,-,-,-,-,-,-,-,-,-,BB,SB,SB,SB,SB,SB,SB,SB,BB,BB,BB,BB,SB,-,-,SB,SB,SB,SB,SB,SB,SB,-,-,-,-,-,-,-,-,SB,SB,SB,SB,SB,-,-,-,-,-,-,-,-
28,BB,BB,BB,BB,BB,BB,BB,BB,SB,SB,BB,SB,SS,SB,BB,SB,SB,SB,SB,SB,SB,BB,BB,SB,SB,SB,SB,SB,SB,SB,SB,SB,SB,SB,SB,SB,BB,BB,SS,SS,SB,SB,BB,BB,BB,SB,BB,SB,SS,SB,SB,BB,SB,SB,BB,BB,BB,BB,SB,BB,SB,SB,SB,SB,BB,BB
29,-,-,-,SS,SS,SS,SB,SS,-,-,-,-,-,-,-,-,-,-,-,-,-,-,-,BB,BB,BB,BB,BB,BB,BB,BB,SB,BB,BB,BB,BB,-,-,SB,SB,SB,SB,SB,SB,SB,-,-,-,-,-,-,-,-,SB,SS,SS,SB,SB,-,-,-,-,-,-,-,-
30,-,-,-,SB,SB,SB,SB,SB,-,-,-,-,-,-,-,-,-,-,-,-,-,-,-,SS,SS,SS,SB,SB,SB,SB,SB,SB,BB,BB,BB,SB,-,-,SS,SS,SS,SS,SS,SS,SS,-,-,-,-,-,-,-,-,SB,SB,SB,SB,SB,-,-,-,-,-,-,-,-
31,BB,BB,BB,SS,SS,SS,SS,SB,SB,SS,BB,SS,SS,SB,SS,SB,SB,BB,BB,BB,BB,BB,BB,BB,BB,BB,BB,BB,BB,BB,BB,BB,BB,BB,BB,BB,SB,SS,BB,BB,BB,BB,BB,BB,SB,SB,SS,BB,SB,SB,SB,BB,SB,SS,SS,SS,SS,SS,BB,BB,SB,SS,BB,SB,BB,BB
32,SB,BB,SB,SB,SB,SB,SB,SB,SS,SS,SB,SB,BB,SB,SB,SB,SB,SB,SB,SB,SB,SB,SB,SB,SB,SB,BB,BB,BB,SB,SB,SS,SB,SS,SS,SS,SB,SB,SB,SS,SS,SS,SS,SS,SS,SB,BB,SS,SS,SB,SB,SB,SB,SB,SB,SB,SB,SB,SB,SB,BB,SB,BB,SB,BB,BB
33,-,-,-,BB,SB,SB,SB,SB,-,-,-,-,-,-,-,-,-,-,-,-,-,-,-,SB,SB,SB,SB,SB,SB,SB,SB,SS,SB,BB,BB,BB,-,-,SS,SS,SS,SS,SS,SS,SS,-,-,-,-,-,-,-,-,SB,SS,SS,SS,SS,-,-,-,-,-,-,-,-
34,-,-,-,SB,SB,SB,SB,SB,-,-,-,-,-,-,-,-,-,-,-,-,-,-,-,SS,SS,SS,SS,SS,SS,SB,SB,SS,SB,BB,BB,BB,-,-,SB,SB,SB,SB,SB,SB,SB,-,-,-,-,-,-,-,-,BB,BB,BB,BB,BB,-,-,-,-,-,-,-,-
35,SB,SB,SB,SS,SS,SS,SS,SS,BB,SB,SS,SB,SB,SB,BB,BB,BB,BB,BB,BB,BB,BB,BB,SB,SB,SB,SB,SB,SB,SB,SB,BB,BB,BB,BB,SB,SB,BB,SB,BB,BB,BB,BB,BB,BB,SB,SB,BB,SB,SB,SB,SB,SB,SB,SB,BB,BB,BB,SB,SB,SB,SS,SS,SS,SS,SS
36,SB,SB,SB,SB,SB,SB,SB,BB,SS,SS,SB,SS,SB,SS,SB,SS,SS,SB,SB,SB,SB,SB,SS,SB,SB,SB,SB,SB,SB,BB,BB,SS,SB,SS,SS,SB,SB,SB,SS,SS,SS,SS,SS,SS,SS,BB,SB,SB,BB,SS,SB,SB,SB,SB,BB,BB,BB,BB,BB,BB,SS,SB,SB,SB,BB,BB
37,BB,BB,SB,SB,SB,SB,SB,SS,SB,SB,BB,BB,SB,SB,BB,BB,SB,SB,SB,SS,SS,SS,SB,SS,SS,SS,SS,SS,SS,SS,SS,SS,SS,SS,SS,SS,SB,SB,SB,SB,SB,SB,SB,SB,SS,SS,SS,SB,SB,SB,SB,BB,BB,SS,SS,SB,BB,BB,SS,SB,SB,SS,SB,SB,SS,SS
38,SB,SB,SB,SB,SS,SS,SS,SS,BB,SB,SB,BB,BB,SB,SB,BB,SB,SB,SB,BB,BB,BB,BB,SS,SS,SS,SS,SS,SS,SS,SS,SS,SB,SS,SS,SS,BB,BB,BB,BB,BB,BB,BB,BB,SB,BB,SS,SS,SS,SS,SS,SS,SS,SB,SS,SS,SB,BB,SB,SB,SB,SS,SB,SS,BB,BB
39,SB,BB,BB,SB,SS,SB,SB,SB,BB,SB,SS,SB,BB,BB,BB,SB,BB,BB,BB,BB,BB,BB,BB,SS,SB,BB,BB,BB,SB,BB,BB,SB,SB,BB,BB,BB,SS,SB,SB,SB,SB,SB,SB,SB,SB,SB,SB,SB,BB,SS,SB,SB,SB,SS,BB,BB,BB,BB,BB,BB,BB,SB,BB,SS,BB,BB
40,SB,SS,SB,SB,SB,BB,BB,SB,SB,SS,SS,SS,SB,SS,SB,BB,BB,BB,BB,BB,BB,BB,BB,BB,BB,BB,BB,BB,BB,BB,BB,SB,SB,SB,SS,SB,BB,BB,SB,SB,SB,SB,SB,SB,SS,SB,BB,SB,SB,BB,SB,SB,SB,BB,BB,BB,SB,SB,SB,SS,BB,SB,SS,SB,BB,SS
41,-,-,-,SS,SS,SS,SS,SS,-,-,-,-,-,-,-,-,-,-,-,-,-,-,-,SB,SS,SS,SS,SS,SS,SS,SS,SB,SB,SB,SB,SB,-,-,BB,SB,SS,SS,SS,SS,SS,-,-,-,-,-,-,-,-,SS,SB,SB,SB,SB,-,-,-,-,-,-,-,-
42,-,-,-,SB,SB,SB,SB,SB,-,-,-,-,-,-,-,-,-,-,-,-,-,-,-,BB,BB,BB,BB,BB,BB,SB,SB,SB,SB,SB,SB,SB,-,-,SB,SB,SB,SB,SB,SB,SB,-,-,-,-,-,-,-,-,SB,SS,SS,SS,SS,-,-,-,-,-,-,-,-
43,-,-,-,SS,SS,SS,SS,SB,-,-,-,-,-,-,-,-,-,-,-,-,-,-,-,SS,SS,SB,BB,BB,BB,BB,BB,BB,BB,SB,SB,SB,-,-,SB,SB,SB,SB,SB,SB,SB,-,-,-,-,-,-,-,-,BB,BB,BB,SB,SB,-,-,-,-,-,-,-,-
44,SB,SB,BB,SB,SB,SS,SS,SB,SS,SS,BB,SB,SS,SB,BB,SB,BB,BB,BB,BB,BB,BB,BB,SS,SS,SS,SS,SS,SS,SS,SB,SB,SS,SS,SS,SS,SB,SB,SB,SB,BB,BB,BB,BB,BB,BB,BB,SB,SB,SS,SS,BB,SB,SB,BB,BB,BB,BB,SB,BB,SS,SB,SB,SS,BB,SS
45,SB,SS,SB,SB,SB,SS,SS,SS,BB,BB,SS,BB,SS,SS,SB,SS,SS,SB,SB,SS,SS,SS,SB,SB,SS,SS,SS,SS,SS,SS,SS,SB,SS,SS,SS,SS,BB,BB,SS,SB,SB,SB,SB,SB,SB,SB,BB,SB,SB,BB,BB,SB,SB,SB,SB,SB,SB,SB,SB,SB,SS,SB,SS,SS,BB,SS
46,-,-,-,BB,SB,SB,SB,SS,-,-,-,-,-,-,-,-,-,-,-,-,-,-,-,BB,BB,BB,BB,SB,SB,SS,SS,SB,SB,SB,SB,SS,-,-,SB,SB,SB,SB,SB,SB,SB,-,-,-,-,-,-,-,-,SB,BB,BB,BB,BB,-,-,-,-,-,-,-,-
47,SB,SB,SB,SB,SB,SB,SB,BB,SB,SB,SB,BB,SB,SS,SS,SS,SS,SB,SB,SB,SB,SB,SS,SS,SS,SS,SB,BB,BB,SB,SB,SB,SB,BB,BB,BB,BB,SS,SS,SS,SB,SB,SB,SB,SS,SB,SB,SB,SB,BB,BB,SB,SB,BB,BB,BB,SB,SB,SB,BB,SS,SB,SB,BB,SS,SS
48,SB,SB,BB,SS,SB,SB,SB,SB,SB,SS,SB,BB,SB,SS,SB,SB,SB,BB,BB,BB,BB,SB,SB,SB,SB,SB,SB,SB,SB,BB,BB,SS,SB,SB,SB,SB,SB,SB,SB,SB,SB,SB,SB,SB,SB,SB,SB,SS,SS,SS,SS,BB,SB,SB,SB,SB,SB,SB,SS,BB,SB,SS,SB,SS,SS,SS
49,SB,SS,SB,SB,SB,BB,BB,BB,SB,BB,SB,BB,SS,SB,SB,SS,SS,SS,SS,SB,SB,SB,SB,BB,BB,BB,BB,BB,BB,BB,SB,BB,SS,SS,SS,SS,SB,SB,SB,BB,BB,BB,BB,BB,BB,SB,SB,SB,SS,SS,SB,SB,SS,BB,SB,SS,SS,SS,BB,BB,BB,SB,BB,SS,SS,SS
50,-,-,-,SB,SB,SB,SB,BB,-,-,-,-,-,-,-,-,-,-,-,-,-,-,-,SB,SB,SB,BB,BB,BB,BB,BB,SB,SB,BB,BB,BB,-,-,SS,SS,SS,SS,SS,SS,SS,-,-,-,-,-,-,-,-,BB,BB,BB,BB,SB,-,-,-,-,-,-,-,-
51,-,-,-,SB,SB,SB,SB,SB,-,-,-,-,-,-,-,-,-,-,-,-,-,-,-,SS,SS,SS,SS,SB,SB,SB,SB,BB,BB,SB,SB,SB,-,-,SB,SB,SB,SB,SB,SB,SB,-,-,-,-,-,-,-,-,SB,SB,SB,SB,SB,-,-,-,-,-,-,-,-
52,-,-,-,SS,SS,SS,SS,SS,-,-,-,-,-,-,-,-,-,-,-,-,-,-,-,BB,BB,BB,BB,BB,BB,BB,BB,SB,SB,SB,SB,SB,-,-,SB,SB,SB,SB,SB,SB,SB,-,-,-,-,-,-,-,-,SS,SS,SS,SS,SS,-,-,-,-,-,-,-,-
53,-,-,-,SB,SB,SB,SB,SB,-,-,-,-,-,-,-,-,-,-,-,-,-,-,-,SB,SB,SB,SB,SB,SB,SS,SS,SB,SB,SS,SS,SS,-,-,SB,SB,SB,SB,SB,SB,SS,-,-,-,-,-,-,-,-,SS,SS,SS,SS,SS,-,-,-,-,-,-,-,-
54,-,-,-,BB,BB,BB,BB,BB,-,-,-,-,-,-,-,-,-,-,-,-,-,-,-,SB,SB,SB,SB,SB,SB,BB,BB,SS,SB,SB,SB,BB,-,-,SS,SS,SS,SS,SS,SS,SS,-,-,-,-,-,-,-,-,SB,SB,SB,BB,BB,-,-,-,-,-,-,-,-
55,SB,SB,SS,SS,SS,SS,SS,SS,BB,SB,SS,BB,SB,BB,SS,SB,SB,SB,SB,SB,SB,SB,SB,BB,BB,BB,BB,BB,BB,SB,SB,SB,SB,SB,SB,SB,SB,BB,SB,SB,SB,SB,SB,SB,SB,SS,SS,SS,SS,BB,BB,SS,SB,SB,BB,BB,BB,BB,SS,SB,SS,SB,SS,SS,SS,SS
56,SB,SB,SS,SS,SS,SS,SS,SS,SS,BB,SS,BB,SB,BB,SB,SB,SB,SB,SB,BB,BB,BB,SB,SS,SB,SB,SB,SB,SS,SB,SB,BB,BB,BB,BB,SB,BB,BB,SB,SB,SB,SB,BB,BB,BB,BB,SB,SB,SS,BB,BB,BB,SB,BB,BB,BB,BB,BB,SB,SB,SS,SS,SB,SS,SS,BB
57,BB,SB,SB,SS,SS,SS,SS,SS,SB,SB,BB,SB,SS,SS,SS,BB,SB,SB,BB,SB,SB,SB,SB,SB,SS,SS,SS,SS,SS,SS,SS,BB,SB,SB,SS,SS,SS,SB,SB,SB,SB,SB,SB,BB,SB,SS,BB,BB,SB,BB,SB,SB,SB,SS,SS,SB,SB,SB,SB,BB,BB,BB,BB,SB,BB,BB
58,BB,BB,SS,SB,BB,BB,BB,BB,SB,BB,BB,BB,BB,BB,SS,SS,BB,SB,SS,SS,SS,SS,SS,SB,SS,SS,SS,SS,SS,SS,SS,SB,SB,SB,SB,SB,SS,SS,SB,SB,SB,SB,SB,SB,SB,BB,BB,SS,SS,SB,SB,SB,BB,BB,SB,SB,SB,SB,BB,BB,SS,SS,SB,BB,BB,BB
59,SB,SB,SB,BB,BB,BB,BB,BB,BB,SB,SB,SB,SB,SB,SB,SB,SB,SB,SB,SS,SS,SS,SS,SS,SS,SS,SB,SB,SB,SB,SB,BB,BB,SB,SS,SS,BB,SB,BB,BB,BB,BB,BB,BB,SB,SB,SS,SB,SB,SB,SB,BB,SB,SB,SB,SS,SS,SS,SB,SS,SB,SB,SB,SB,BB,BB
60,-,-,-,SS,SS,SS,SS,SS,-,-,-,-,-,-,-,-,-,-,-,-,-,-,-,SB,SS,SS,SS,SS,SS,SS,SS,SB,BB,BB,BB,BB,-,-,BB,SB,SB,SB,SB,SB,SB,-,-,-,-,-,-,-,-,SB,SS,SS,SS,SS,-,-,-,-,-,-,-,-
61,BB,BB,SB,SB,SB,BB,BB,BB,BB,SS,SS,SS,SB,SB,SS,SS,BB,BB,BB,SB,SB,SB,SB,SS,SS,SS,SS,SS,SS,SS,SS,SB,SB,SS,SS,SS,SS,SS,BB,SB,SS,SS,SS,SS,SB,SB,SB,SB,SB,BB,SB,SS,SS,BB,BB,SB,SB,SB,BB,SB,SS,SS,SB,SB,SS,SS
62,-,-,-,SB,SB,SB,SB,SS,-,-,-,-,-,-,-,-,-,-,-,-,-,-,-,SB,SB,SB,SB,SB,SB,SS,SS,SB,SB,SB,SB,SB,-,-,BB,SB,SB,SB,SB,SS,SS,-,-,-,-,-,-,-,-,SB,SB,SB,SB,SB,-,-,-,-,-,-,-,-
63,-,-,-,SS,SS,SS,SS,SS,-,-,-,-,-,-,-,-,-,-,-,-,-,-,-,SB,SB,SB,SB,SB,SB,SB,SB,SS,BB,BB,BB,BB,-,-,BB,SB,SB,SB,SB,SB,SB,-,-,-,-,-,-,-,-,SB,SS,SS,SB,SB,-,-,-,-,-,-,-,-
64,SB,BB,SB,BB,BB,BB,BB,BB,SB,SB,SB,SS,SB,BB,SS,SS,SB,SS,SS,SS,SS,SS,SB,BB,SB,SB,SB,SB,SB,SB,SB,SB,SB,SB,BB,SB,SB,SB,SS,BB,BB,BB,BB,BB,BB,SS,SB,BB,SB,SS,SS,BB,SB,SB,SS,SS,SS,SS,SS,SS,SB,SB,SB,SB,BB,SS
65,SB,SS,BB,BB,BB,BB,BB,SB,SB,SS,SB,SS,SB,SB,SB,BB,SS,SS,SS,SS,SS,SS,SS,SS,SS,SS,SS,SS,SS,SB,SB,SS,SS,BB,BB,BB,BB,BB,BB,BB,BB,BB,BB,BB,BB,SS,SB,SS,SB,BB,BB,SS,BB,SB,SB,SB,SB,SS,BB,SB,SB,SB,BB,BB,BB,SS
66,SB,SB,SB,SB,SB,SB,SB,SB,SB,SB,SB,SB,BB,BB,SB,SS,BB,BB,BB,SB,SB,SB,SS,SS,SS,SS,BB,BB,BB,BB,BB,SB,SS,SB,SB,SB,SS,SS,SS,SS,SS,SS,SS,SB,SB,BB,SB,SB,BB,SS,SS,SS,SS,SB,SB,SS,SS,SS,SB,SB,SB,SB,BB,SB,BB,BB
67,-,-,-,BB,BB,BB,BB,SB,-,-,-,-,-,-,-,-,-,-,-,-,-,-,-,SB,SB,BB,BB,BB,BB,BB,BB,SS,SB,SB,SB,SB,-,-,BB,BB,BB,BB,BB,BB,BB,-,-,-,-,-,-,-,-,SS,SS,SS,SS,SS,-,-,-,-,-,-,-,-
68,-,-,-,SB,SB,SB,SB,SB,-,-,-,-,-,-,-,-,-,-,-,-,-,-,-,SB,SB,SB,SB,SB,SB,BB,BB,SB,SS,SS,SB,SB,-,-,SS,SB,BB,BB,BB,BB,SB,-,-,-,-,-,-,-,-,BB,BB,BB,BB,SB,-,-,-,-,-,-,-,-
69,-,-,-,SB,SB,SB,SB,SB,-,-,-,-,-,-,-,-,-,-,-,-,-,-,-,BB,BB,BB,BB,BB,BB,SB,SB,SB,SS,SB,SB,SB,-,-,SB,BB,BB,BB,BB,BB,BB,-,-,-,-,-,-,-,-,SS,SS,SS,SS,SS,-,-,-,-,-,-,-,-
70,BB,BB,SS,SB,SB,SB,SB,SB,BB,SB,BB,SB,SB,SB,SB,SB,SB,SB,SB,SB,SS,SB,SB,BB,SB,SB,SB,SB,SB,SB,SB,SB,SS,SS,SS,SS,SB,BB,SB,SB,SS,SS,SS,SS,SS,SB,SB,SB,BB,SB,SS,SB,SS,SS,SB,SB,SB,SB,SS,SS,BB,BB,BB,BB,SS,SS
71,SB,SB,SB,SB,SB,SB,SB,SB,SB,BB,SB,SS,BB,SB,BB,SB,SB,BB,BB,BB,BB,SB,SS,SB,SB,SB,SS,SS,SS,SB,SB,BB,BB,BB,BB,BB,BB,BB,SS,SS,SB,SB,SB,SB,SB,SB,BB,SS,SS,SS,SS,BB,SB,SB,BB,BB,BB,BB,SB,BB,BB,SB,SB,SS,SS,SS
72,SB,SB,SB,SB,SB,SB,SB,BB,SS,SS,SB,BB,BB,SB,SB,SB,BB,BB,BB,SB,SB,SB,SS,BB,BB,BB,SB,SB,SB,SB,SB,SS,SS,SB,SB,SB,BB,BB,BB,BB,BB,BB,BB,BB,BB,BB,SB,SB,SB,SB,SB,SS,SS,BB,BB,BB,BB,BB,BB,SB,SS,SB,BB,SB,SS,SS
73,-,-,-,SB,SB,SB,SB,SB,-,-,-,-,-,-,-,-,-,-,-,-,-,-,-,SB,SB,SB,BB,BB,BB,BB,BB,SB,BB,BB,BB,SB,-,-,BB,SB,BB,BB,BB,BB,BB,-,-,-,-,-,-,-,-,SB,SS,SS,SS,SS,-,-,-,-,-,-,-,-
74,-,-,-,SB,SB,SB,SB,SB,-,-,-,-,-,-,-,-,-,-,-,-,-,-,-,SS,SB,SB,SB,BB,BB,BB,BB,SB,SB,SB,SB,SB,-,-,SB,SB,SB,SB,SB,SB,SB,-,-,-,-,-,-,-,-,BB,BB,BB,BB,BB,-,-,-,-,-,-,-,-
75,SS,SS,BB,SS,SS,SS,SS,SS,SB,BB,SB,SB,BB,BB,SB,SB,SS,SS,SB,SB,SB,SB,SB,SB,BB,BB,BB,BB,BB,BB,BB,SB,SB,SB,SB,SB,SB,SB,SB,SB,SB,SB,SB,SB,SB,BB,SS,BB,BB,SB,SB,SS,SS,BB,BB,BB,SB,SB,SB,SB,BB,BB,BB,BB,BB,BB
76,SB,SB,SB,SB,BB,BB,BB,BB,BB,SB,BB,SB,SB,SS,SB,SB,SB,SB,SB,SB,SB,SB,SB,SB,SB,SB,BB,BB,BB,BB,BB,SS,SB,SB,SB,SB,BB,BB,SS,SS,SB,SB,SB,SB,SB,SB,BB,SB,SB,SB,SB,SB,SB,BB,BB,SB,SB,SB,SS,SB,SS,SS,SB,BB,BB,SS
77,SB,SB,SS,SB,SB,BB,BB,BB,SS,SS,SB,SB,SS,SB,SS,SS,SS,SS,SS,SS,SS,SS,SS,BB,BB,BB,SB,SB,SB,SB,SB,SB,SB,SB,SB,SS,SB,SB,SB,BB,SB,SB,SB,SB,SB,SS,SB,BB,BB,SB,SS,SS,SS,SS,SS,SS,SB,SB,BB,BB,BB,SB,SS,SS,BB,SS
78,SB,SB,SB,SB,SB,BB,BB,BB,SB,SB,SB,SB,SB,SB,SS,SS,SB,SB,SB,SS,SS,SS,SS,SB,SB,SB,BB,BB,BB,BB,BB,SS,SS,SS,SS,SS,SB,SS,SS,SS,SS,SS,SS,SS,SS,SS,BB,BB,BB,SS,SS,BB,SB,SB,BB,BB,BB,SB,SS,BB,BB,SB,SS,SB,BB,BB
79,-,-,-,BB,BB,BB,BB,BB,-,-,-,-,-,-,-,-,-,-,-,-,-,-,-,SB,SB,SB,SB,SB,SS,SS,SS,SS,SB,SB,BB,BB,-,-,BB,BB,BB,BB,BB,BB,BB,-,-,-,-,-,-,-,-,SB,SB,SB,SB,SB,-,-,-,-,-,-,-,-
80,-,-,-,SS,SS,SB,SB,SS,-,-,-,-,-,-,-,-,-,-,-,-,-,-,-,BB,SB,SB,SB,SB,SB,SB,SB,SB,SB,SB,SB,SB,-,-,SS,BB,SS,SS,SS,SS,SS,-,-,-,-,-,-,-,-,SB,SB,SB,SS,SB,-,-,-,-,-,-,-,-
81,SB,SB,SB,SB,SB,SB,SB,SS,SB,SB,SS,SB,SS,SS,BB,BB,SS,BB,BB,BB,BB,BB,BB,SB,SB,SB,BB,BB,BB,SB,BB,SB,BB,BB,BB,SB,SB,SB,SS,SB,SB,SB,SB,SB,SB,BB,BB,SS,SS,SB,SB,SB,SB,SS,SS,SS,SS,SB,SB,SB,SB,SB,SB,SB,SS,SS
82,SB,SB,SS,BB,SB,SB,SB,SB,BB,BB,SB,SB,SB,SB,SB,BB,BB,BB,BB,BB,BB,BB,BB,BB,BB,BB,BB,BB,BB,SB,SB,SB,SB,SB,SB,SB,SB,SS,SS,SS,SB,SB,SB,SB,SB,SB,SB,SB,SS,SS,SB,SB,BB,SB,BB,BB,BB,BB,SB,SS,SS,BB,SB,SB,BB,BB
83,SB,SB,SB,SS,SB,SB,SB,SB,SS,SS,SB,SB,SB,BB,SS,SS,SB,SB,SB,SB,SB,BB,BB,SS,SS,SS,SS,SS,SS,SS,SS,SB,SB,SB,SB,SB,SB,SB,SB,SB,SB,SB,SB,SB,SB,SB,BB,BB,BB,SB,SB,SB,SB,SB,BB,BB,BB,BB,SS,SB,BB,BB,SB,BB,BB,SS
84,-,-,-,SB,SB,SB,SB,SB,-,-,-,-,-,-,-,-,-,-,-,-,-,-,-,SB,SB,SB,BB,BB,BB,BB,BB,SB,SS,SS,SS,SB,-,-,BB,SB,BB,BB,BB,SB,SB,-,-,-,-,-,-,-,-,BB,BB,BB,SB,SB,-,-,-,-,-,-,-,-
85,-,-,-,SS,SS,SB,SB,SB,-,-,-,-,-,-,-,-,-,-,-,-,-,-,-,SS,SS,SS,SS,SB,SB,SB,BB,BB,BB,SB,SB,SS,-,-,BB,BB,SB,SB,SB,SB,SS,-,-,-,-,-,-,-,-,SB,BB,BB,BB,BB,-,-,-,-,-,-,-,-
86,SS,SS,BB,SB,SB,SB,SB,SB,BB,BB,SB,SB,SB,SB,SS,SS,BB,BB,BB,BB,BB,BB,SB,SS,SS,SS,SS,SS,SS,SS,SS,BB,BB,BB,BB,BB,BB,BB,BB,BB,BB,BB,BB,BB,BB,SS,BB,SB,SS,SB,SB,SB,SS,BB,BB,BB,SB,SS,SB,BB,BB,SB,SB,SB,SS,SS
87,SB,SB,SB,BB,BB,BB,BB,BB,SB,SB,SS,SS,SB,SB,BB,SB,BB,BB,BB,SB,SB,SB,SB,BB,BB,BB,BB,BB,BB,SB,SB,SS,SS,SS,SS,SS,SS,SS,SS,SS,SS,SS,SS,SS,SS,SS,SB,SB,SB,BB,BB,BB,BB,SB,SB,SB,SS,SS,SB,SB,BB,SB,BB,SB,BB,BB
88,SB,SS,SB,SB,SB,BB,BB,BB,SB,SB,BB,SB,SS,SS,SB,SB,BB,SB,SB,SB,SB,SB,SS,SB,SS,SS,SS,SS,SS,SB,SB,SB,BB,BB,BB,SB,SS,SS,BB,BB,BB,BB,BB,BB,BB,SB,BB,SS,SS,SS,SB,BB,BB,SB,SB,SB,SB,SB,SS,SS,BB,SB,SS,SB,BB,SS
89,-,-,-,SS,SS,SS,SS,SS,-,-,-,-,-,-,-,-,-,-,-,-,-,-,-,SS,SS,SS,SS,SS,SS,BB,BB,SB,SB,SB,SB,SB,-,-,BB,SB,BB,SB,SB,SS,SS,-,-,-,-,-,-,-,-,BB,SS,SS,SS,SS,-,-,-,-,-,-,-,-
90,-,-,-,SB,SB,SB,SB,SS,-,-,-,-,-,-,-,-,-,-,-,-,-,-,-,SS,SS,SS,SS,SS,SS,SB,SB,BB,BB,SB,SB,SB,-,-,SB,SS,SB,SB,SB,SB,SB,-,-,-,-,-,-,-,-,BB,SB,SS,SB,SB,-,-,-,-,-,-,-,-
91,SB,BB,SB,BB,BB,BB,BB,BB,BB,SS,BB,BB,SB,SB,SB,SB,SS,SS,SS,SB,SB,SB,SS,SB,SB,SB,SB,SB,SB,SB,BB,BB,SB,SB,SB,SS,SB,BB,SB,SS,SS,SS,SS,SS,SS,SS,SS,SB,SB,SB,SB,BB,BB,SB,SB,SB,SB,SB,SB,BB,BB,SB,SS,SB,SS,SS
92,-,-,-,SB,SB,SB,SB,SB,-,-,-,-,-,-,-,-,-,-,-,-,-,-,-,SS,SS,SS,SB,SB,SB,BB,BB,SB,SB,SB,SB,SB,-,-,SB,BB,SS,SS,SS,SS,SS,-,-,-,-,-,-,-,-,BB,SS,SS,SS,SS,-,-,-,-,-,-,-,-
93,-,-,-,BB,BB,SB,SB,SB,-,-,-,-,-,-,-,-,-,-,-,-,-,-,-,BB,BB,BB,BB,BB,BB,SB,SB,SS,SS,SS,SS,BB,-,-,SB,BB,BB,BB,BB,SB,SB,-,-,-,-,-,-,-,-,BB,BB,BB,BB,BB,-,-,-,-,-,-,-,-
94,SB,SB,SB,BB,SB,SB,SB,SB,SB,BB,SB,SB,BB,SB,SB,SB,BB,SS,SS,SB,SS,SS,SS,BB,BB,BB,BB,BB,BB,SB,SB,SB,SB,SB,SB,BB,SB,SB,SB,SB,SB,SB,SB,SB,SB,SB,SB,SB,SB,SS,SS,SB,SB,SS,SB,SB,SB,SB,BB,SS,SB,SB,SB,BB,SS,BB
95,-,-,-,SS,SB,SB,SB,BB,-,-,-,-,-,-,-,-,-,-,-,-,-,-,-,SS,SS,SS,SS,BB,BB,BB,BB,SB,SB,SB,SB,BB,-,-,SB,SB,SB,SB,SB,SB,SB,-,-,-,-,-,-,-,-,SB,SS,SS,SS,SS,-,-,-,-,-,-,-,-
96,-,-,-,BB,BB,BB,BB,SB,-,-,-,-,-,-,-,-,-,-,-,-,-,-,-,BB,BB,BB,SB,SB,SS,SS,SS,SS,SS,SS,SS,SS,-,-,SB,BB,BB,BB,BB,BB,BB,-,-,-,-,-,-,-,-,BB,BB,BB,SB,SB,-,-,-,-,-,-,-,-
97,SB,SB,SB,SB,SS,SS,SS,SB,BB,BB,SS,SS,BB,BB,BB,BB,SS,SS,SS,BB,SS,SS,SS,SB,SS,SS,SS,SS,SS,SB,BB,SB,SB,SB,SB,SB,SB,SS,SB,SB,SB,SB,BB,BB,BB,SS,SB,SB,SS,BB,BB,BB,BB,SS,SS,SB,SB,SB,SB,SB,BB,SB,SB,SB,BB,BB
98,SS,SS,SB,SB,SB,SB,SB,SB,SB,SS,SB,BB,SB,SS,SB,SB,SB,BB,BB,SB,SB,SB,SB,SB,SB,SB,SS,SS,SS,SB,SB,SS,SB,SB,SB,SB,SB,SS,BB,SB,SB,SB,SB,SB,SB,SB,SS,SB,SB,BB,BB,SB,SB,SS,SS,SS,SB,SB,SB,SB,SB,SB,BB,BB,BB,BB
99,SS,SS,SB,SB,SB,SB,SB,SB,SB,SB,SS,SS,SS,SB,BB,SS,SB,SS,SS,BB,SS,SS,SS,SS,SS,SS,SS,SS,SB,SB,SB,BB,SB,SB,SB,SB,SS,SS,BB,SS,SS,SS,SS,SS,SS,SB,BB,SB,SB,BB,BB,SS,SS,SB,SS,SS,SB,SB,SS,SS,SB,SS,SB,SB,SS,SS
100,-,-,-,SB,SB,SS,SS,SS,-,-,-,-,-,-,-,-,-,-,-,-,-,-,-,SS,SS,SS,SS,SB,SB,SB,SB,SS,SS,SS,SS,SS,-,-,BB,SB,BB,BB,BB,BB,SB,-,-,-,-,-,-,-,-,SB,BB,SB,SB,SB,-,-,-,-,-,-,-,-
101,SB,SB,SS,SS,SS,SS,SS,SS,SB,SB,SB,BB,BB,BB,SS,SS,BB,BB,SB,SB,SB,SB,SS,SS,SS,SS,SS,SS,SS,SS,SS,SB,SB,SB,SB,SB,SB,BB,SB,SB,SB,SB,SB,SB,SB,SB,SB,SB,BB,SS,BB,BB,BB,SB,SB,SB,SB,SB,SS,SB,SB,SB,BB,BB,SS,SS
102,SB,SB,BB,SB,SB,SB,SB,SS,SB,SB,BB,SB,SS,SB,SB,SB,SB,BB,BB,SS,SB,BB,BB,SS,SS,SS,SB,SB,SB,SB,SB,SB,SS,SS,SS,SS,SB,SB,BB,BB,SB,SB,SB,SB,SB,BB,SB,SS,SB,SB,SS,SS,SS,BB,BB,BB,BB,BB,BB,SB,BB,BB,BB,BB,SS,SS
103,-,-,-,BB,BB,BB,BB,BB,-,-,-,-,-,-,-,-,-,-,-,-,-,-,-,BB,BB,BB,BB,SB,SB,SS,SS,SB,SS,SS,SS,SB,-,-,SB,SS,SB,SB,SB,SB,SS,-,-,-,-,-,-,-,-,BB,BB,BB,BB,BB,-,-,-,-,-,-,-,-
104,SB,SB,SB,BB,SB,SB,SB,SB,SB,SB,SB,SB,SS,SS,SB,SB,SS,SB,SB,SB,SB,SB,SB,BB,BB,BB,SB,SB,SB,SB,SB,BB,BB,BB,BB,SB,SB,BB,SB,SB,SB,SB,SB,SB,SB,BB,SB,SB,SB,SS,SS,SS,SS,SS,SS,SS,SS,SB,SB,BB,SB,SB,SS,SB,SS,BB
105,-,-,-,BB,BB,BB,BB,BB,-,-,-,-,-,-,-,-,-,-,-,-,-,-,-,SB,SB,SB,SB,SB,SB,SB,SB,BB,SB,BB,BB,SB,-,-,SS,SB,SS,SS,SB,SB,SB,-,-,-,-,-,-,-,-,SB,SB,SB,BB,BB,-,-,-,-,-,-,-,-
106,-,-,-,SS,SS,SS,SS,SS,-,-,-,-,-,-,-,-,-,-,-,-,-,-,-,SB,SB,SB,SB,SB,SB,SB,BB,SB,SB,SB,SB,SB,-,-,SS,SB,SB,SB,SB,SB,SB,-,-,-,-,-,-,-,-,SB,SB,SB,SB,SB,-,-,-,-,-,-,-,-
107,BB,BB,SB,SS,SS,SS,SS,SS,SB,SB,BB,SB,SB,SS,SB,BB,SB,BB,BB,SB,SB,SB,SB,SB,SB,SB,SB,SB,SS,SB,SB,BB,SB,SB,SB,SB,SB,SS,SB,SS,SB,SB,SB,SB,SS,SB,SB,SS,SB,SB,SB,SB,BB,SS,SS,SS,SB,SB,SB,SS,BB,BB,SB,SS,BB,BB
108,SB,SB,SB,SS,SS,SS,SS,SS,SB,SS,SB,SB,BB,SB,SS,SB,SS,SS,SB,SB,SB,SB,SB,SB,SB,SB,SS,SS,SS,SB,BB,BB,BB,BB,BB,SB,SB,SB,SS,SB,SB,SB,SB,SB,SS,SB,BB,SB,SB,BB,SB,BB,SS,SB,BB,BB,BB,BB,SB,BB,SS,SS,SB,SS,SS,BB
109,SB,SB,BB,SB,BB,BB,BB,BB,BB,SB,SB,SB,SB,SB,SS,SS,BB,BB,BB,BB,SS,SB,SB,BB,BB,BB,SB,SB,SB,SB,SB,BB,BB,BB,SB,SB,SB,SB,SB,SB,SB,SB,SB,SB,BB,SS,SB,SB,SS,SS,SS,SB,SB,SS,SS,SS,SS,SS,SB,SB,SS,SB,SS,SB,SS,SS
110,SB,SB,SB,SB,BB,BB,BB,BB,SB,SB,SS,SS,BB,BB,SS,BB,SS,SS,SS,SS,SS,SS,SS,SB,SS,SS,SB,SB,SB,SB,SB,SB,SS,SS,SS,SS,BB,BB,SB,SB,SB,SB,SB,SB,SB,SB,SS,SB,SS,BB,BB,SB,SS,BB,BB,BB,BB,BB,BB,SB,SB,BB,SS,SB,SS,SS
111,BB,SB,SS,SB,SB,SB,SB,SB,SB,SB,SS,SB,BB,SB,SS,SS,SS,SS,SS,SS,SS,SS,SB,BB,BB,BB,SB,SB,SB,SS,SS,SB,SB,SB,SB,SB,SB,SB,SB,SB,BB,SB,SB,SB,SB,BB,SS,SB,BB,SB,BB,BB,SB,BB,BB,SB,SB,SB,SB,SB,SS,SS,SS,SS,SS,SS
112,SB,SB,SB,SB,SB,SB,SB,BB,SB,BB,BB,BB,BB,SB,SS,SB,SB,SB,SB,SS,SS,SS,SS,SS,SS,SS,SS,SS,SS,SS,SS,SS,BB,BB,BB,SB,SS,SS,SS,SS,SS,SS,SS,SS,SS,BB,BB,SB,SB,SB,SB,SB,SS,SS,SB,SB,SB,SB,SB,SB,BB,SS,SS,SS,SS,BB
113,SS,SS,SB,BB,SB,SB,SB,SB,SB,SB,BB,SB,SB,SB,SS,SB,SS,SS,SS,SB,SB,SB,SB,BB,SB,SS,SS,SS,SS,SS,SS,SS,BB,BB,BB,SB,SB,BB,SB,SB,SB,BB,BB,BB,BB,BB,SB,SB,SS,SB,SB,SS,SB,SB,SB,SB,SB,SB,SS,SB,SB,SB,SB,SS,SS,SS
114,SS,SS,SS,SB,SB,SB,SB,SB,BB,BB,SS,SS,BB,BB,SB,BB,SB,SB,SB,SS,BB,BB,BB,BB,BB,BB,BB,BB,BB,SB,SB,SB,SB,SB,SB,BB,BB,SB,BB,BB,BB,BB,BB,BB,SS,BB,BB,SB,SS,SB,SB,SS,SS,SB,BB,BB,BB,BB,BB,SB,SS,SB,SB,SB,SS,SS
115,-,-,-,SB,SB,SB,SB,SB,-,-,-,-,-,-,-,-,-,-,-,-,-,-,-,SS,SS,SS,SS,SB,SB,SB,SB,SS,SB,SB,SB,SB,-,-,SB,SS,SB,SB,SB,SB,BB,-,-,-,-,-,-,-,-,SB,SB,SB,SB,SB,-,-,-,-,-,-,-,-
116,-,-,-,SB,BB,BB,BB,SB,-,-,-,-,-,-,-,-,-,-,-,-,-,-,-,SB,SB,SB,BB,BB,BB,BB,BB,SB,SB,SB,SB,SB,-,-,SS,SB,SS,SS,SS,SB,SB,-,-,-,-,-,-,-,-,SB,SB,SB,BB,BB,-,-,-,-,-,-,-,-
117,SS,SS,SS,SS,SS,SS,SS,SS,SS,SB,SB,SB,SB,SB,BB,BB,SB,SB,SB,SB,SB,SB,SS,SS,SS,SS,SS,SS,SS,SS,SS,SB,SS,SS,SS,SS,SS,SS,BB,BB,BB,BB,BB,BB,BB,SS,SS,SB,SB,SB,SB,BB,SB,SB,SB,SB,SB,SB,SB,BB,SB,SS,SS,BB,BB,SS
118,-,-,-,SS,SS,SS,SS,SS,-,-,-,-,-,-,-,-,-,-,-,-,-,-,-,SB,SB,SB,SB,SB,SS,SB,SB,BB,SB,SB,SS,SS,-,-,SB,SB,SB,SB,SB,SB,SS,-,-,-,-,-,-,-,-,SB,SB,SB,SB,SB,-,-,-,-,-,-,-,-
119,SB,SB,BB,SB,SB,SB,SB,SB,SB,SB,SB,SB,SB,BB,BB,SB,SB,SS,SS,BB,SS,SS,SS,SB,SB,SB,SB,SB,SS,SS,SS,SS,SB,BB,BB,BB,SB,SB,SB,BB,BB,BB,BB,BB,BB,SS,SB,SS,SB,BB,SB,SB,SB,SB,SB,BB,BB,BB,SS,BB,SB,SS,SB,SS,BB,SS
120,SS,SS,SB,BB,BB,BB,BB,SB,BB,SB,SB,SB,SS,SS,SS,SS,SB,SS,SS,SB,SB,SB,SB,SB,SB,SB,SB,SB,SB,SB,SB,SB,SS,SS,SS,SB,SB,BB,BB,BB,BB,BB,BB,BB,SS,SS,SB,SB,SB,SB,SB,SB,BB,BB,SB,SB,SS,SS,BB,SS,SB,SB,SS,SB,BB,BB
121,-,-,-,SB,SB,SB,SB,SS,-,-,-,-,-,-,-,-,-,-,-,-,-,-,-,SS,SS,SS,SS,SS,SS,SS,SB,SB,SB,SB,SB,SS,-,-,BB,BB,SB,SB,SB,SB,SB,-,-,-,-,-,-,-,-,SS,SS,SS,SS,SB,-,-,-,-,-,-,-,-
122,-,-,-,SB,SB,SB,SB,SB,-,-,-,-,-,-,-,-,-,-,-,-,-,-,-,SB,SB,SB,BB,BB,BB,BB,BB,SB,BB,SB,SB,SB,-,-,BB,SB,BB,BB,BB,BB,BB,-,-,-,-,-,-,-,-,SB,SS,SS,SS,SS,-,-,-,-,-,-,-,-
123,-,-,-,BB,BB,BB,BB,BB,-,-,-,-,-,-,-,-,-,-,-,-,-,-,-,SB,SB,SB,SB,SB,SS,SS,SS,SB,SB,SB,SB,SB,-,-,SB,SB,SS,SS,SS,SS,SS,-,-,-,-,-,-,-,-,SS,SB,BB,BB,BB,-,-,-,-,-,-,-,-
124,SS,SS,BB,SB,SB,SB,SB,SB,SS,SS,SB,BB,SB,SS,SB,SB,BB,BB,BB,BB,BB,BB,BB,SB,SS,SS,SS,SS,SS,SS,SS,SS,SS,SS,SS,SS,SS,SS,SS,SS,SS,SS,SS,SS,SS,SS,SB,SB,SB,SB,SB,SB,SB,SB,SB,SB,SS,SS,SS,SB,SB,SS,SB,SB,BB,BB
125,BB,BB,SB,SB,SB,SB,SB,BB,SB,SB,BB,SB,SB,SB,SS,SS,SS,SS,SB,SB,SB,SB,SS,SS,SS,SS,SB,SB,SB,BB,BB,SB,BB,BB,BB,BB,SB,SB,SB,SB,SS,SS,SS,SS,SS,SS,SB,SS,SS,SB,SB,SB,SB,BB,BB,BB,BB,BB,SS,SB,SB,BB,BB,SB,BB,BB
126,-,-,-,SB,SB,SB,SB,SB,-,-,-,-,-,-,-,-,-,-,-,-,-,-,-,SB,SB,SB,SB,SB,SB,SB,SS,SB,SB,SB,SB,SB,-,-,SB,SB,SB,SB,SB,SB,SB,-,-,-,-,-,-,-,-,SB,SB,SB,BB,BB,-,-,-,-,-,-,-,-
127,SB,SB,BB,SS,SS,SB,SB,SS,SS,SB,BB,BB,SB,SB,BB,BB,SB,BB,BB,BB,BB,BB,BB,SS,SS,SS,-,SS,SS,SS,SS,SS,SS,SS,SS,SS,BB,BB,SB,SB,SB,SB,SB,SB,SB,SB,SB,SS,SB,SS,SB,BB,BB,SB,SB,SB,SB,SB,BB,BB,BB,SB,SS,SB,BB,BB
128,-,-,-,SS,SS,SB,SS,SS,-,-,-,-,-,-,-,-,-,-,-,-,-,-,-,BB,BB,BB,BB,BB,BB,BB,BB,BB,BB,BB,BB,BB,-,-,SB,SS,SB,SB,BB,SB,SB,-,-,-,-,-,-,-,-,SS,SS,SS,SB,SB,-,-,-,-,-,-,-,-
129,SB,SB,SB,SB,SB,SB,SB,SB,BB,SB,SB,SS,SS,SB,SB,SS,SS,SS,SS,SS,SS,SS,SB,SB,SB,SB,SB,SB,SB,BB,BB,BB,BB,SB,SB,SS,SB,BB,SB,SB,SB,SB,SB,SS,SS,BB,BB,BB,SB,SS,SB,BB,SB,SB,BB,BB,BB,BB,SB,SS,SB,BB,SB,BB,SS,SS
130,-,-,-,BB,SB,SB,SB,SB,-,-,-,-,-,-,-,-,-,-,-,-,-,-,-,SS,SB,SB,SB,SB,SB,BB,BB,BB,SB,SB,BB,SB,-,-,SB,BB,SS,SS,SS,SS,SS,-,-,-,-,-,-,-,-,SB,BB,BB,BB,BB,-,-,-,-,-,-,-,-
131,-,-,-,BB,BB,SS,SS,SS,-,-,-,-,-,-,-,-,-,-,-,-,-,-,-,SB,SB,SB,SS,SB,SB,SB,SB,SS,SS,SB,SB,BB,-,-,SS,BB,BB,BB,BB,BB,BB,-,-,-,-,-,-,-,-,BB,BB,SB,SB,SB,-,-,-,-,-,-,-,-
132,-,-,-,SB,SB,SB,SB,BB,-,-,-,-,-,-,-,-,-,-,-,-,-,-,-,SB,BB,BB,BB,BB,BB,BB,BB,SS,SS,SS,SS,SB,-,-,SS,SB,BB,BB,BB,BB,BB,-,-,-,-,-,-,-,-,SB,SB,SB,SS,SS,-,-,-,-,-,-,-,-
133,SS,SS,SS,SB,SS,SS,SS,SS,SB,SB,BB,BB,SS,SB,SS,SS,SB,SB,BB,BB,BB,BB,BB,BB,BB,BB,BB,BB,BB,SB,SB,BB,BB,SS,SB,SB,SB,SB,SB,SB,SB,SB,SB,SB,SB,SS,SB,SB,SB,SB,SB,SB,SB,SB,SB,SB,SB,SB,SB,SS,SB,SS,BB,BB,BB,BB
134,SB,SB,BB,BB,BB,SB,SB,SB,BB,SS,SB,SB,SB,SB,SS,SS,BB,BB,BB,BB,BB,BB,BB,SB,SB,SB,BB,BB,BB,BB,BB,SB,SS,SS,SS,SS,BB,BB,SS,SS,SS,SS,SS,SB,BB,SS,SS,SB,SB,SB,SB,SS,SB,SB,SS,SB,SB,SB,SB,SB,BB,SS,SB,BB,BB,BB
135,-,-,-,SB,SB,SS,SS,SS,-,-,-,-,-,-,-,-,-,-,-,-,-,-,-,SS,SS,SS,SS,SS,SS,SS,SS,SS,SB,SB,SB,SS,-,-,SB,SB,BB,BB,BB,BB,SB,-,-,-,-,-,-,-,-,BB,SB,SB,SB,SB,-,-,-,-,-,-,-,-
136,SB,BB,BB,SB,SB,SB,SB,SS,BB,BB,SB,SB,SB,SS,BB,SB,SB,BB,BB,BB,BB,BB,BB,BB,BB,BB,SB,SB,SB,SB,SB,SB,BB,BB,BB,BB,SB,SS,SB,SB,SB,SB,SB,SB,BB,SS,SB,SB,SB,BB,SB,SB,SB,SS,SB,SB,SB,SB,SS,SB,BB,SB,SS,SS,BB,BB
137,-,-,-,SS,SS,SB,SB,SB,-,-,-,-,-,-,-,-,-,-,-,-,-,-,-,SS,SB,SB,SB,SB,SB,SB,SB,SB,BB,BB,SB,SB,-,-,SB,SB,BB,BB,BB,BB,BB,-,-,-,-,-,-,-,-,SB,SB,SB,SB,SB,-,-,-,-,-,-,-,-
138,SB,BB,BB,BB,BB,BB,BB,SB,SB,BB,BB,BB,BB,SB,SB,SB,SB,SB,SB,SB,SB,SB,SB,SB,SB,SS,SB,SB,SB,SS,SS,SS,SS,SS,SS,SB,SS,SS,BB,BB,BB,BB,BB,BB,SB,SB,SB,SB,SB,SB,SS,SS,SS,BB,SS,SS,SS,SS,SS,SB,SB,BB,SB,BB,SS,BB
139,-,-,-,BB,BB,BB,BB,BB,-,-,-,-,-,-,-,-,-,-,-,-,-,-,-,SB,SB,SB,SS,SS,SS,SS,SS,SB,SB,BB,BB,BB,-,-,SB,SB,SB,BB,SB,SB,SB,-,-,-,-,-,-,-,-,SB,BB,BB,BB,SB,-,-,-,-,-,-,-,-
140,SB,SB,BB,SB,SB,SB,SB,SB,SS,BB,SB,SS,SB,SB,SB,SB,SB,BB,BB,BB,BB,BB,BB,SS,SB,BB,SS,SS,SS,SS,SB,SB,SS,SS,SS,SS,SB,SB,BB,BB,BB,BB,BB,BB,BB,SS,SB,SS,SS,SB,SB,SB,SB,BB,SB,SB,SB,SB,BB,BB,SS,SS,SB,SB,BB,SS
141,-,-,-,SS,SS,SS,SS,SB,-,-,-,-,-,-,-,-,-,-,-,-,-,-,-,SS,SS,SS,SS,SS,SS,SS,SB,SS,SS,SS,SS,SS,-,-,SB,SS,SB,SB,SB,BB,BB,-,-,-,-,-,-,-,-,SB,SS,SB,SB,SB,-,-,-,-,-,-,-,-
142,-,-,-,SB,SB,BB,SB,SB,-,-,-,-,-,-,-,-,-,-,-,-,-,-,-,SB,SB,SB,SB,SB,SB,SS,SS,SS,SS,SB,SB,SB,-,-,SS,SB,SS,SS,SS,SS,SS,-,-,-,-,-,-,-,-,SB,BB,BB,BB,BB,-,-,-,-,-,-,-,-
143,SB,SB,SB,SB,SB,SB,SB,SS,SB,BB,BB,SS,SB,SB,SS,SS,SB,SB,SB,BB,BB,BB,BB,BB,BB,BB,BB,BB,BB,SB,SB,SB,SS,SS,SB,SB,SB,SB,BB,BB,BB,BB,BB,BB,BB,BB,BB,SS,SB,SB,SS,SS,SS,BB,BB,BB,BB,BB,SB,SB,SB,SB,SB,BB,SS,BB
144,-,-,-,SS,SS,SS,SS,SS,-,-,-,-,-,-,-,-,-,-,-,-,-,-,-,BB,SB,SB,SB,SB,SB,SB,SB,SS,SS,SS,SS,SB,-,-,SB,BB,SB,SB,SB,SB,SB,-,-,-,-,-,-,-,-,SB,SB,SB,SB,SB,-,-,-,-,-,-,-,-
145,-,-,-,BB,BB,SS,SS,SS,-,-,-,-,-,-,-,-,-,-,-,-,-,-,-,BB,BB,BB,BB,BB,SB,SB,SB,SB,SS,SS,SS,SS,-,-,BB,BB,BB,BB,BB,BB,BB,-,-,-,-,-,-,-,-,BB,SB,SB,SS,BB,-,-,-,-,-,-,-,-
146,SS,SS,BB,SS,SS,SS,SS,SS,SS,SS,SB,SB,SB,SB,BB,SB,SB,SB,SB,SB,SB,SB,BB,SB,SB,SS,SS,SS,SS,SS,SS,SB,SB,SB,SB,SB,SS,SS,SB,SB,SB,SB,BB,BB,BB,BB,BB,SS,SS,SB,SB,SB,BB,SB,SS,SS,SS,SS,SB,SB,SS,SS,BB,BB,BB,BB
147,SB,SB,SS,SS,SS,SB,SB,SB,SB,BB,SB,BB,SB,SS,SB,SB,SS,SS,SS,SB,SB,SB,BB,SB,SB,SB,BB,BB,BB,BB,BB,SS,SB,BB,BB,BB,SS,SB,BB,BB,BB,BB,BB,BB,SB,SB,SS,SB,SS,BB,BB,BB,SB,SB,BB,BB,BB,SB,BB,SB,SS,SB,BB,SB,BB,SB
148,SS,SB,SB,SB,SS,SS,SS,SS,SB,SS,SB,SB,SS,SS,SB,SS,BB,SB,SB,SB,SB,SB,SB,SS,SS,SS,SS,SS,SS,SB,SB,SB,BB,SB,SB,SB,SS,SS,SB,SB,SB,SB,SB,SB,SB,BB,BB,SB,SB,BB,SB,SB,SB,BB,SB,SB,SB,SB,BB,BB,SB,BB,SS,SS,SB,SB
149,-,-,-,SS,SS,SB,SB,SB,-,-,-,-,-,-,-,-,-,-,-,-,-,-,-,BB,BB,BB,BB,BB,BB,SB,SB,BB,SB,SB,SS,SS,-,-,SB,SB,SB,SB,SB,BB,BB,-,-,-,-,-,-,-,-,SB,BB,BB,SB,SB,-,-,-,-,-,-,-,-
150,SB,SB,BB,SB,SB,SB,SB,SB,BB,BB,SB,SB,SB,SB,SB,SB,BB,SB,SB,SB,SB,BB,BB,SB,SB,SB,BB,SB,SB,SS,SS,SB,SB,SB,SS,SS,SB,SB,SB,BB,BB,BB,BB,BB,BB,BB,SB,BB,SB,SS,SS,SB,SB,SB,SB,SB,SB,SB,SB,SB,SB,SB,SS,SS,SB,BB
151,SS,SB,BB,SB,SB,SB,SB,SB,BB,BB,SB,BB,SB,SB,SS,SB,BB,SB,SB,SB,SB,SB,SB,SS,SS,SS,SS,SS,SS,SS,SS,SS,SB,SB,SB,SB,SB,SB,SS,SS,SS,SS,SS,SS,SS,SB,SS,SB,SB,BB,BB,SB,SS,BB,BB,BB,SB,SB,SB,BB,SB,BB,SS,SS,BB,BB
152,BB,BB,SB,SS,SS,SS,SS,SB,SS,SS,SB,SS,SS,SB,SS,SS,SS,SB,SB,BB,BB,BB,SB,SB,SS,SS,SS,SS,SS,SS,SB,SB,SB,BB,BB,BB,SB,SB,SB,SB,SB,SB,SB,SB,SB,SS,SB,SB,SS,SB,SB,SB,SB,BB,SB,SB,SB,SB,BB,SB,BB,SB,SB,SB,SB,SB
153,SB,BB,SB,SB,SB,BB,BB,BB,BB,BB,SB,SB,SB,SS,SS,BB,SB,SB,SB,SB,SB,SB,SS,BB,BB,BB,BB,SB,SB,SB,SB,SB,SB,SB,SB,BB,SB,SB,SS,SB,SB,SB,BB,BB,BB,SS,SB,BB,BB,BB,SB,SB,SS,SB,BB,SB,SB,SB,SS,SB,SB,BB,SS,SS,BB,BB
154,-,-,-,SS,SS,SS,SS,SB,-,-,-,-,-,-,-,-,-,-,-,-,-,-,-,SS,SB,SB,SB,SB,SB,SB,SB,SB,BB,BB,BB,SB,-,-,BB,BB,BB,BB,BB,BB,SS,-,-,-,-,-,-,-,-,SS,SS,SB,SB,SB,-,-,-,-,-,-,-,-
155,SS,SS,SB,BB,BB,BB,BB,BB,SB,SB,SS,SB,SB,SS,SB,SB,SB,SB,SB,SB,SB,BB,BB,BB,BB,BB,BB,BB,SB,SB,SB,SB,BB,BB,BB,SB,SB,SB,BB,BB,BB,BB,BB,BB,SB,SB,BB,BB,BB,SB,BB,SB,SB,SB,SB,SB,SB,SB,SB,BB,SB,SB,SB,SS,SB,SB
156,-,-,-,SS,SS,SB,SB,SB,-,-,-,-,-,-,-,-,-,-,-,-,-,-,-,SS,SB,SB,SB,SB,SB,BB,BB,BB,SB,SS,SS,SS,-,-,BB,SB,SB,SB,SB,SB,SB,-,-,-,-,-,-,-,-,SS,SS,SS,SB,SB,-,-,-,-,-,-,-,-
157,SB,SB,SS,SS,SS,SS,SS,SB,SB,SS,BB,SB,BB,BB,SB,SB,SB,BB,BB,BB,BB,BB,BB,SB,SB,SB,SB,SB,SB,SS,SS,SS,SS,SS,SS,SS,SB,SB,BB,BB,BB,BB,BB,BB,SB,SS,SS,SB,SB,BB,BB,SS,SS,SB,SS,SS,SS,SS,SB,SB,BB,SS,SB,SB,SB,SB
158,SB,SB,SB,SS,SS,SS,SS,SS,SB,SB,BB,BB,SB,BB,SS,SS,SB,SB,SB,SS,SS,SS,SS,SB,SB,SB,SB,SB,SB,SS,SB,BB,BB,BB,BB,SB,BB,SB,BB,BB,BB,SB,SB,SB,SB,SB,BB,BB,SB,SB,SB,SB,SB,SS,SS,SS,SS,SS,BB,SB,BB,SB,SB,SB,BB,BB
159,-,-,-,SB,BB,BB,BB,BB,-,-,-,-,-,-,-,-,-,-,-,-,-,-,-,SB,SB,SB,SB,SB,SB,SB,SB,BB,BB,SB,SB,SB,-,-,BB,BB,BB,BB,BB,BB,BB,-,-,-,-,-,-,-,-,SB,SB,BB,BB,BB,-,-,-,-,-,-,-,-
160,-,-,-,BB,BB,SB,SB,SB,-,-,-,-,-,-,-,-,-,-,-,-,-,-,-,BB,BB,BB,BB,SB,SB,SB,SB,SS,SB,SB,SB,SB,-,-,SB,SB,SB,SB,SB,BB,SB,-,-,-,-,-,-,-,-,SB,SB,BB,BB,BB,-,-,-,-,-,-,-,-
161,-,-,-,SB,SB,SB,SB,BB,-,-,-,-,-,-,-,-,-,-,-,-,-,-,-,BB,BB,BB,BB,SB,SB,SB,SB,SB,SB,BB,BB,BB,-,-,SB,SB,SB,SB,SB,SB,SB,-,-,-,-,-,-,-,-,SB,SS,SS,SS,SS,-,-,-,-,-,-,-,-
162,-,-,-,SB,SB,SB,SB,SB,-,-,-,-,-,-,-,-,-,-,-,-,-,-,-,BB,SB,SB,SS,SS,SS,SS,SS,SB,BB,BB,BB,SB,-,-,BB,SB,SB,SB,SB,SB,SB,-,-,-,-,-,-,-,-,SS,SB,SB,BB,BB,-,-,-,-,-,-,-,-
163,BB,SB,SS,SB,SB,SS,SS,SS,SB,SB,SB,BB,SB,SB,SB,SB,SB,SB,SB,SS,SS,SS,SS,BB,BB,BB,BB,BB,SB,SB,SB,SB,BB,BB,BB,BB,BB,BB,SB,SB,SB,SB,SB,SB,SB,SS,BB,BB,SB,SS,SS,SB,SB,SB,BB,BB,BB,BB,SS,SB,SB,SS,SS,SS,BB,BB
164,-,-,-,SB,SB,SB,SB,BB,-,-,-,-,-,-,-,-,-,-,-,-,-,-,-,SB,SB,BB,SB,SB,SB,SB,SB,SS,SS,SB,SB,BB,-,-,SB,BB,SB,SB,SB,SB,SB,-,-,-,-,-,-,-,-,SS,SB,SB,SB,SB,-,-,-,-,-,-,-,-
165,SB,SB,BB,BB,SB,SB,SB,SB,SB,SB,SB,BB,SB,BB,SB,SB,SB,SB,SB,SB,SB,SB,SB,SB,SB,SB,SB,SB,SB,SB,SB,BB,SB,SB,SB,SB,SS,SS,BB,BB,BB,BB,BB,BB,BB,BB,BB,SS,SS,SS,SS,SB,SS,SB,BB,SB,SB,SB,SS,SS,BB,BB,SB,SB,SB,BB
166,-,-,-,SS,SS,SB,SB,BB,-,-,-,-,-,-,-,-,-,-,-,-,-,-,-,SB,SB,SB,SB,SB,SB,SB,SB,SB,SB,BB,BB,BB,-,-,SS,SS,SS,SS,SS,SS,SS,-,-,-,-,-,-,-,-,BB,SS,SS,SS,SS,-,-,-,-,-,-,-,-
167,BB,BB,BB,SB,SB,SB,SB,SB,SS,SB,BB,SS,SB,SB,SS,SS,SS,SS,SS,SS,SS,SS,SS,SB,SB,SB,SB,SB,SB,SB,SB,SS,BB,BB,BB,BB,SB,SB,SS,SS,SS,SS,SS,SS,SS,SB,SS,SB,SB,SS,SS,BB,SS,SB,SB,SB,SS,SS,SS,SS,SB,BB,SB,BB,BB,SB
168,BB,BB,BB,SB,BB,SB,SB,SB,SS,SS,SB,SB,BB,SB,SB,SB,BB,BB,BB,SB,SB,SB,SB,SS,SS,SS,SS,SS,SB,SB,SB,SB,SB,SS,SS,SS,SB,SB,SB,SB,SB,SB,SB,SB,SB,SB,BB,SB,SB,SS,SS,BB,BB,SB,SB,SB,SS,SS,SS,SB,SS,SB,SB,SB,SB,SB
169,SB,SB,SS,SB,SB,SB,SB,SB,SS,SB,SB,SB,BB,SS,SB,SB,SB,SB,SB,SB,BB,BB,BB,SB,SB,SB,SB,SB,SB,SB,SB,BB,BB,BB,BB,BB,SB,SB,SS,SS,SS,SS,SS,SS,SS,BB,SS,BB,BB,BB,BB,SB,SB,SS,SS,SS,SS,SS,SB,SB,SS,SS,BB,BB,BB,BB
170,-,-,-,SB,SB,SB,SB,SB,-,-,-,-,-,-,-,-,-,-,-,-,-,-,-,SB,BB,BB,BB,BB,BB,BB,BB,SB,SB,SS,SS,SS,-,-,SB,SB,SB,SB,SB,SB,SB,-,-,-,-,-,-,-,-,SS,SB,SB,SB,SB,-,-,-,-,-,-,-,-
171,SB,SB,SS,SB,SB,SB,SB,SB,SS,SS,SB,BB,SS,SS,BB,SB,SS,SB,BB,BB,BB,BB,BB,SB,BB,BB,BB,BB,SB,SS,SS,SS,SS,SS,SS,SS,SS,SS,BB,BB,BB,BB,BB,BB,BB,SS,SB,SS,SS,BB,BB,SB,SB,SS,SB,SB,SB,SB,SB,SB,SB,SS,BB,SS,SB,SB
172,SS,SB,BB,SB,SB,SB,SB,BB,BB,SB,SS,SS,SB,SB,SB,SB,BB,SS,SS,SS,SS,SS,SS,SB,BB,BB,BB,BB,SB,BB,BB,SB,SB,SB,SB,SB,BB,BB,SB,SB,SB,SB,SB,SB,BB,SB,BB,-,SB,BB,BB,SS,SB,SB,SB,SB,SB,SB,BB,SS,BB,SB,SB,SB,BB,BB
173,-,-,-,BB,BB,BB,BB,BB,-,-,-,-,-,-,-,-,-,-,-,-,-,-,-,SB,SB,SB,SB,SB,SB,SB,SB,SS,SS,SS,SS,SS,-,-,SS,SB,SB,SB,SB,SB,SB,-,-,-,-,-,-,-,-,SS,SS,SS,SS,SB,-,-,-,-,-,-,-,-
174,-,-,-,SB,SB,SB,BB,BB,-,-,-,-,-,-,-,-,-,-,-,-,-,-,-,SS,SS,SS,SS,SB,SB,SB,SB,SB,SB,SB,SB,SB,-,-,BB,SB,SB,SS,SS,SS,SS,-,-,-,-,-,-,-,-,SB,SB,SB,SB,SB,-,-,-,-,-,-,-,-
175,BB,BB,SB,SS,SB,SB,SB,SB,SB,BB,SB,SB,SB,BB,SB,SB,BB,BB,BB,SB,SB,SB,SS,BB,BB,BB,BB,BB,SB,SS,SS,BB,BB,BB,SB,SB,SB,SB,SS,SS,SB,SB,SB,SB,SB,SB,SS,BB,SB,SS,SS,SB,SB,BB,BB,BB,BB,BB,SS,SS,SB,SB,BB,SB,SB,BB
176,-,-,-,SS,SS,SB,SB,SB,-,-,-,-,-,-,-,-,-,-,-,-,-,-,-,SS,SS,SS,SS,SS,SS,BB,BB,SB,SB,SB,SB,SB,-,-,SB,SB,SB,SB,SB,SB,SB,-,-,-,-,-,-,-,-,SB,SB,SB,SB,SB,-,-,-,-,-,-,-,-
177,-,-,-,SS,SB,BB,BB,BB,-,-,-,-,-,-,-,-,-,-,-,-,-,-,-,SB,SB,SB,SB,SB,SB,SB,SB,SS,SB,SB,SB,SB,-,-,SS,SS,SS,SS,SS,SS,SS,-,-,-,-,-,-,-,-,BB,BB,BB,BB,BB,-,-,-,-,-,-,-,-
178,BB,BB,SB,SB,SB,SB,SB,SB,BB,SS,SS,SS,SB,SB,SS,SB,-,SB,SS,SB,SB,BB,SS,SS,SB,SB,SB,SB,SB,SB,SB,BB,SS,SB,SB,SB,SB,SS,SS,SS,SS,SS,SB,SB,SB,SS,SS,SB,BB,SS,SB,SB,SB,SB,BB,BB,BB,BB,BB,SB,BB,SB,SB,BB,SB,SB
179,-,-,-,SB,SB,SB,SB,SS,-,-,-,-,-,-,-,-,-,-,-,-,-,-,-,BB,SB,SS,SS,SS,SS,SB,SB,SB,SS,SS,SS,SS,-,-,BB,SB,SB,SB,SB,SB,SB,-,-,-,-,-,-,-,-,BB,SB,SS,SS,SS,-,-,-,-,-,-,-,-
180,BB,SB,BB,SS,SS,SS,SS,SS,SB,SS,SB,SS,BB,SS,SS,SS,BB,BB,BB,SS,SS,SS,SB,SB,SB,SB,SB,SB,SB,SB,SB,SS,SS,SS,SB,SB,SS,SB,SB,SB,SB,SB,SB,SB,SB,BB,BB,SB,SS,SB,SS,SB,SB,BB,BB,SB,SB,SB,SB,SB,SB,BB,SS,SB,BB,SB
181,SS,SS,SB,SB,BB,BB,BB,BB,SB,SS,SB,SS,BB,BB,SS,SB,SS,SS,SS,SB,SB,SB,SS,SB,SB,SB,SB,SB,SB,SB,SB,SB,BB,SB,BB,BB,SS,SS,SS,SS,SS,SS,SS,SS,SS,SB,SB,BB,SB,SB,BB,BB,BB,BB,BB,SS,SB,SB,SB,SB,BB,SB,SS,SB,BB,BB
182,-,-,-,BB,BB,BB,BB,BB,-,-,-,-,-,-,-,-,-,-,-,-,-,-,-,SB,SS,SS,SS,SS,SS,SB,SB,BB,BB,SB,SB,SB,-,-,SB,SB,SB,SB,SB,SB,BB,-,-,-,-,-,-,-,-,BB,SB,SB,SB,SB,-,-,-,-,-,-,-,-
183,-,-,-,SB,SS,SS,SS,SS,-,-,-,-,-,-,-,-,-,-,-,-,-,-,-,SS,SB,SB,SB,SB,SB,SB,SB,SB,SB,SB,SB,SB,-,-,SS,BB,SS,BB,BB,BB,BB,-,-,-,-,-,-,-,-,SS,SS,SS,SS,SB,-,-,-,-,-,-,-,-
184,-,-,-,SB,BB,BB,BB,SB,-,-,-,-,-,-,-,-,-,-,-,-,-,-,-,BB,BB,BB,BB,BB,BB,SB,SB,SB,SB,SB,SB,SB,-,-,SS,SS,BB,SS,SS,SS,SS,-,-,-,-,-,-,-,-,BB,SB,SB,SB,SB,-,-,-,-,-,-,-,-
185,-,-,-,SB,SB,SB,SB,BB,-,-,-,-,-,-,-,-,-,-,-,-,-,-,-,SS,SB,SB,SB,SB,BB,SB,SB,SB,BB,BB,BB,BB,-,-,SS,SS,SS,SS,SS,SS,SS,-,-,-,-,-,-,-,-,BB,SB,SS,SS,SS,-,-,-,-,-,-,-,-
186,BB,BB,SS,SB,SS,SS,SS,SB,SB,SS,BB,SB,BB,SB,SS,SS,BB,SB,BB,SB,BB,SB,SB,BB,BB,BB,BB,BB,BB,BB,SB,BB,SB,SB,SB,SS,SB,SB,SB,BB,BB,BB,BB,BB,BB,SB,SB,BB,SB,SB,BB,BB,SB,SB,SB,BB,BB,BB,BB,SS,BB,SB,SB,SB,SB,SB
187,SB,BB,BB,SS,SS,SB,SB,SB,SB,SB,SB,SS,BB,SS,SS,SB,SS,SS,SS,SS,SS,SS,SS,SB,SB,SB,SB,SB,SB,SB,SB,SB,SB,SB,SB,SB,BB,BB,BB,BB,SB,SB,SB,SB,SB,BB,SB,SS,SB,SB,SB,SB,SB,SS,SS,SS,SB,SB,SB,SB,SB,SB,SB,BB,SB,BB
188,-,-,-,SB,SB,BB,BB,BB,-,-,-,-,-,-,-,-,-,-,-,-,-,-,-,BB,BB,BB,BB,SS,SS,SS,SS,SS,BB,BB,BB,BB,-,-,SS,SS,SS,SS,SS,SS,SB,-,-,-,-,-,-,-,-,SS,SS,SS,SB,SB,-,-,-,-,-,-,-,-
189,BB,BB,SB,SB,SB,SS,SS,SS,SB,SB,SB,BB,SS,SB,SB,SB,SB,SS,SS,SB,SB,SB,SB,SS,SS,SB,SB,SB,SB,SB,SB,SB,SS,SS,SS,SS,SS,SS,SB,SS,SS,SS,SS,SS,SS,BB,BB,SB,SB,SS,SB,SB,SB,SB,SB,SB,SB,SB,SS,SS,BB,BB,SB,SB,BB,BB
190,SS,SS,SB,SS,SS,SS,SS,SB,SS,BB,SB,SB,SB,SS,SB,SB,BB,SS,SS,SS,SS,SS,SS,SS,SS,SS,BB,BB,BB,BB,BB,SS,SB,SB,SB,SS,SS,SS,BB,SB,BB,BB,BB,BB,BB,BB,BB,SS,SB,SS,SS,SB,SB,BB,BB,BB,BB,BB,SS,SS,SB,SB,SS,SS,BB,BB
191,-,-,-,SB,SB,SB,BB,BB,-,-,-,-,-,-,-,-,-,-,-,-,-,-,-,BB,BB,BB,SB,SB,SB,BB,BB,SB,BB,BB,BB,BB,-,-,SB,BB,BB,BB,BB,BB,SB,-,-,-,-,-,-,-,-,BB,SB,BB,BB,BB,-,-,-,-,-,-,-,-
192,SS,SS,SS,SB,SB,SS,SS,SS,SB,SS,SB,SB,BB,SB,SS,SS,SS,SS,SS,SS,SS,SB,SB,SB,SS,SS,SB,SB,SB,BB,SB,SB,SS,SS,SS,SS,SS,SS,SB,SB,SS,SS,SS,SS,SB,BB,SS,BB,BB,SS,SB,SS,SS,SB,BB,BB,BB,BB,SB,SB,SS,SB,SS,SB,SB,SB
193,-,-,-,SB,SS,SB,SB,SB,-,-,-,-,-,-,-,-,-,-,-,-,-,-,-,SS,SS,SS,SS,SB,SB,SB,SB,BB,SB,SB,SB,SB,-,-,SB,SB,SB,SB,SB,SB,BB,-,-,-,-,-,-,-,-,SB,SS,SS,SS,SS,-,-,-,-,-,-,-,-
194,BB,SB,SS,SS,SS,SB,SB,SB,SB,SB,SS,SB,SB,SB,SB,SB,BB,BB,BB,BB,BB,BB,SB,SS,SS,SS,SS,SS,SS,SS,SS,SB,SB,SB,SB,SB,BB,SB,SB,SB,SB,SB,SB,SB,BB,BB,BB,SS,SS,SB,SB,SS,SS,BB,SB,SB,SB,SB,BB,SB,SB,SB,SS,SS,SB,SB
195,SB,SB,BB,SS,SB,BB,BB,BB,SB,BB,SB,SS,SB,SB,SB,SB,SB,SB,BB,BB,BB,BB,SB,SB,SS,SS,SS,SS,SS,SB,SB,SB,SB,SB,SB,SB,SS,SS,BB,BB,BB,BB,BB,SS,BB,SB,BB,SB,BB,BB,BB,BB,BB,SB,SS,SS,SS,SS,SB,SB,SS,SS,SS,SS,BB,SB
196,BB,BB,SB,BB,BB,SB,SB,SB,SS,SB,SS,SB,SS,SS,SS,SS,BB,SB,SS,SS,SS,SS,SB,BB,BB,SB,BB,BB,BB,SB,SB,SS,SS,SS,SB,BB,SB,SB,SB,BB,BB,BB,BB,BB,BB,SB,BB,SB,SB,SB,SS,SS,SB,SB,BB,BB,BB,BB,SS,SB,SS,SB,SB,BB,SB,SB
197,-,-,-,SB,SB,SS,SS,SS,-,-,-,-,-,-,-,-,-,-,-,-,-,-,-,SS,SS,SS,SB,SB,SB,SB,SB,SB,SB,SB,SB,SS,-,-,SB,SB,SB,SB,SB,SS,SS,-,-,-,-,-,-,-,-,BB,SB,SB,SB,SB,-,-,-,-,-,-,-,-
198,SB,SB,SS,SB,SB,SB,SB,SS,SB,BB,BB,SS,BB,SB,SS,SB,SS,SS,SS,BB,BB,BB,BB,SB,SB,SB,SB,SB,SB,SB,SB,SB,SB,BB,BB,BB,BB,BB,SB,SB,BB,BB,BB,SB,SB,SB,BB,SS,SB,SB,SB,SB,SB,SS,SS,SB,SB,SB,SB,SS,SB,SS,SB,BB,BB,SB
199,-,-,-,SB,SB,SB,BB,BB,-,-,-,-,-,-,-,-,-,-,-,-,-,-,-,SB,BB,BB,BB,BB,BB,BB,BB,SB,BB,SB,SB,SB,-,-,SB,SB,SB,SB,SB,SB,SS,-,-,-,-,-,-,-,-,SB,SS,SS,SB,SB,-,-,-,-,-,-,-,-
200,-,-,-,SS,SS,SS,SS,SS,-,-,-,-,-,-,-,-,-,-,-,-,-,-,-,SB,SB,SB,BB,BB,SB,SB,SB,SB,SB,SB,SB,SB,-,-,SB,SS,SS,SS,SS,SS,SS,-,-,-,-,-,-,-,-,SB,SB,SB,BB,BB,-,-,-,-,-,-,-,-
201,SB,BB,BB,SB,SB,SB,SB,SS,SB,SB,SB,BB,SB,SB,BB,BB,BB,BB,BB,BB,BB,BB,BB,SB,SB,SB,SB,SB,SB,SB,SB,SB,SB,SB,SB,BB,SB,SB,BB,BB,BB,BB,SB,SB,SB,BB,SS,BB,SB,BB,SB,BB,SB,SB,BB,BB,BB,BB,BB,SS,SB,SS,SB,SB,BB,SB
202,BB,SB,SB,SB,SB,SB,SS,SB,BB,SS,SB,SS,SS,SS,SB,SB,SB,SB,SB,SB,SB,SB,SB,SB,SB,SB,SB,SB,SB,SB,SB,BB,SB,SS,SS,SS,BB,BB,BB,BB,BB,BB,BB,BB,BB,BB,BB,SB,SB,BB,BB,SB,SB,SB,SB,SB,SS,SS,BB,BB,SS,SB,SB,SB,SB,BB
203,-,-,-,BB,BB,BB,BB,BB,-,-,-,-,-,-,-,-,-,-,-,-,-,-,-,SS,SB,SB,SB,SB,BB,BB,BB,SB,SB,SB,SB,SB,-,-,BB,BB,SB,SB,SB,SB,SB,-,-,-,-,-,-,-,-,SS,SS,SS,SB,SB,-,-,-,-,-,-,-,-
204,SB,SB,SB,BB,BB,BB,BB,BB,SB,SB,SS,SB,SS,SB,BB,SS,SB,SB,SB,SB,SB,SB,SB,SS,SB,SB,SB,SB,SB,SB,SB,SB,SB,SB,SB,SB,SS,SB,SB,SB,SB,SB,SB,SB,SB,BB,SB,SB,SS,SB,SB,SS,SB,SS,SS,SS,SB,SB,BB,BB,BB,BB,BB,SB,SB,SB
205,SS,SS,SB,SB,SB,SB,SS,SS,SS,SS,SS,SS,BB,SB,BB,SS,SB,SB,SS,BB,BB,BB,BB,SS,SB,SB,BB,BB,BB,BB,BB,SB,SB,SB,SB,SB,SB,SB,BB,BB,BB,SB,SB,SB,SB,SS,SS,SS,SB,SB,SB,SB,SB,SS,SS,SS,SS,SS,BB,SB,SB,SB,SS,SB,BB,BB
206,SB,SB,BB,SB,SB,SS,SS,SS,SB,SB,SB,SB,BB,SB,BB,BB,SS,SS,SS,SS,SS,SS,SS,SB,SB,SB,SB,SB,SS,SS,SS,SS,SS,SB,SB,SB,SB,SS,BB,SB,SB,SB,SB,SB,SB,SS,SS,SB,SS,SB,SS,SB,SB,SB,BB,BB,BB,BB,BB,SB,SS,SB,SB,BB,BB,BB
207,SB,SB,SS,SB,SB,SB,SB,SS,SB,BB,SB,SB,SS,SB,BB,BB,SB,SS,SS,SS,SB,BB,BB,SB,SS,SS,SS,SS,SS,SB,SB,SB,SB,SB,SB,SB,SS,SS,BB,SB,SB,SB,SB,SB,BB,SB,SB,SS,SS,SB,SB,SB,SB,SB,SB,SB,SB,SB,SS,SS,SS,SS,SS,BB,BB,BB
208,-,-,-,SS,SS,SS,SS,SB,-,-,-,-,-,-,-,-,-,-,-,-,-,-,-,SB,SS,SS,SS,SS,SS,SB,SB,SB,SB,SS,SS,SS,-,-,SB,SB,SB,SB,SB,SB,SB,-,-,-,-,-,-,-,-,BB,SB,SB,SB,SS,-,-,-,-,-,-,-,-
209,-,-,-,BB,BB,SB,SB,SB,-,-,-,-,-,-,-,-,-,-,-,-,-,-,-,BB,BB,BB,BB,BB,BB,BB,BB,SB,SB,SB,SB,SB,-,-,SB,SB,BB,BB,BB,BB,BB,-,-,-,-,-,-,-,-,SB,SB,SB,SS,SS,-,-,-,-,-,-,-,-
210,SS,SS,SB,SS,SS,SS,SS,SS,SB,SB,SS,SS,BB,SB,SB,SB,BB,SB,SB,SB,SB,SB,SS,SB,SS,SS,SS,SS,SS,SS,SS,BB,BB,BB,BB,SB,BB,BB,SB,SB,SB,SB,SB,SB,BB,SB,SB,SS,SB,SB,SB,SS,BB,BB,BB,BB,SB,SB,SB,BB,SS,SB,SB,SB,SB,SB
211,SB,SB,SB,SB,SB,SS,SS,SS,SB,SB,SB,SS,SB,SB,BB,SB,SB,SB,SB,SB,SB,SB,SB,SS,SS,SS,SB,SB,SB,SB,SB,SB,SS,SS,SS,SS,SS,SS,SB,SB,SB,SB,SS,SS,SS,SS,SB,SB,SB,SS,SB,SB,SB,BB,SB,SB,SB,SB,SB,SB,BB,SB,SB,SB,SS,SS
212,SB,SB,SB,BB,BB,SB,SB,SB,SS,SS,SS,SB,SS,SB,SB,SB,SB,SB,SB,SB,SB,SB,SB,BB,BB,BB,BB,BB,BB,BB,BB,SB,SB,SS,SS,SS,SB,SS,SB,SS,SS,SS,SS,SS,SS,SS,SB,BB,SB,SS,SB,SS,SS,BB,SS,SS,SS,SS,SB,SB,BB,BB,SB,SS,SS,SS
213,SB,SB,BB,SB,SB,SB,SB,SB,SB,SB,SS,SS,SS,BB,BB,SB,SS,SS,SS,SS,SS,SS,SB,SS,SS,SS,SS,SS,SS,SS,SS,SB,SB,SB,SS,SS,BB,BB,SB,BB,BB,SB,SB,SB,SB,SB,SB,SS,SB,SB,SB,BB,BB,SB,SB,SB,SB,SS,BB,SB,SB,SS,SB,SS,SS,SB
214,-,-,-,SB,SB,BB,BB,BB,-,-,-,-,-,-,-,-,-,-,-,-,-,-,-,SS,SS,SS,SB,SB,SB,SB,SB,SS,SS,SS,SS,SS,-,-,BB,BB,BB,BB,BB,BB,BB,-,-,-,-,-,-,-,-,SB,BB,BB,BB,SB,-,-,-,-,-,-,-,-
215,SB,SB,SS,SB,SB,SB,SB,BB,BB,SB,SB,SB,BB,SS,SB,SS,SB,SB,SB,SB,SB,SB,BB,SB,SB,SB,SB,SB,BB,SB,SB,BB,SB,SB,SB,SB,SB,SB,SB,SB,SB,SB,SB,SB,SB,SS,SS,BB,BB,SB,BB,SB,SB,SB,BB,BB,BB,BB,SB,SS,SS,SS,BB,SB,SS,SB
216,-,-,-,SB,SB,BB,SB,SB,-,-,-,-,-,-,-,-,-,-,-,-,-,-,-,SB,SB,SB,SB,SB,SB,SS,SS,SB,BB,BB,BB,SB,-,-,SS,SB,SB,SS,SS,SB,SS,-,-,-,-,-,-,-,-,SB,SB,SB,SB,SS,-,-,-,-,-,-,-,-
217,-,-,-,SB,SB,SB,SB,SB,-,-,-,-,-,-,-,-,-,-,-,-,-,-,-,SB,SB,SB,SB,SB,SB,BB,BB,SS,SB,SB,SB,SB,-,-,SB,SB,SB,SB,SB,SB,SB,-,-,-,-,-,-,-,-,SS,SB,SB,SB,SB,-,-,-,-,-,-,-,-
218,SS,SS,BB,BB,BB,SB,SB,SB,BB,SB,SS,SB,SB,SS,SS,SB,SS,SS,SS,SS,SS,SS,-,BB,BB,BB,BB,BB,SB,BB,BB,SB,SB,SB,SB,SS,SB,SB,SS,SB,SB,SB,SB,SB,SB,SB,SS,SB,SB,SS,SB,SB,SS,SB,SB,SB,SS,SS,SB,BB,SB,BB,BB,SB,SS,SS
219,-,-,-,SB,SB,SS,SS,SS,-,-,-,-,-,-,-,-,-,-,-,-,-,-,-,SB,SB,SB,SS,SS,SS,SS,SS,SS,SS,SS,SS,SS,-,-,SS,SS,SB,SS,SS,SB,SB,-,-,-,-,-,-,-,-,BB,BB,SB,SB,SS,-,-,-,-,-,-,-,-
220,-,-,-,SS,SS,SS,SS,SS,-,-,-,-,-,-,-,-,-,-,-,-,-,-,-,SS,SS,SS,SS,SS,SS,SB,SB,BB,BB,BB,BB,BB,-,-,SS,SS,SB,SB,SB,SB,SB,-,-,-,-,-,-,-,-,BB,SB,SB,SB,SB,-,-,-,-,-,-,-,-
221,SB,BB,BB,SS,SS,SB,SB,SB,SB,SS,BB,SB,SB,SB,SB,SB,SB,SB,SB,SB,SB,SB,BB,SB,SB,SB,SB,SB,SB,SB,SB,BB,BB,BB,BB,SB,SB,SB,SS,SS,SB,SB,SB,SB,SB,SS,BB,SS,SS,BB,BB,SB,SS,BB,SB,SB,SB,SB,SB,SB,BB,SB,BB,SB,SS,SB
222,-,-,-,SB,SB,BB,SB,SB,-,-,-,-,-,-,-,-,-,-,-,-,-,-,-,SB,SB,SB,SB,SB,SB,SB,BB,SB,SB,SB,SB,BB,-,-,SB,BB,BB,BB,BB,BB,BB,-,-,-,-,-,-,-,-,SS,SS,SS,SS,SS,-,-,-,-,-,-,-,-
223,-,-,-,SB,SB,SB,SB,SB,-,-,-,-,-,-,-,-,-,-,-,-,-,-,-,SB,SB,SB,SB,SB,SB,SB,BB,SB,SB,SB,SB,SB,-,-,BB,BB,BB,SB,SB,SB,SB,-,-,-,-,-,-,-,-,SB,SB,SB,BB,BB,-,-,-,-,-,-,-,-
224,BB,BB,SS,SB,BB,BB,BB,BB,BB,BB,SB,SB,SB,SB,SB,SB,BB,BB,BB,BB,BB,BB,BB,SS,SS,SS,SS,SS,SS,SB,SB,SB,SB,SS,SS,SS,BB,BB,BB,SB,SB,SB,SB,SB,BB,BB,BB,BB,SB,SS,SS,SS,SB,SB,SB,SB,SB,SB,SS,SB,BB,SS,BB,SB,SB,SB
225,-,-,-,SS,SS,SS,SS,SS,-,-,-,-,-,-,-,-,-,-,-,-,-,-,-,BB,SB,SS,SS,SS,SS,SS,SS,SB,SB,SB,SB,SB,-,-,SB,SB,SB,SB,SB,SB,SB,-,-,-,-,-,-,-,-,SB,SS,SS,SS,SS,-,-,-,-,-,-,-,-
226,-,-,-,BB,BB,BB,BB,BB,-,-,-,-,-,-,-,-,-,-,-,-,-,-,-,SB,SB,SB,BB,BB,BB,BB,BB,BB,SB,SB,SB,SS,-,-,SB,SB,SB,SB,SS,SS,SS,-,-,-,-,-,-,-,-,SS,SB,SB,SB,SB,-,-,-,-,-,-,-,-
227,BB,BB,SB,SB,SB,SB,SB,BB,SS,BB,SS,SB,BB,SB,SB,SB,SB,SB,SB,SB,SB,SB,SB,SB,SB,SB,SB,SB,SB,SB,SB,SS,SB,SB,BB,BB,BB,SS,SB,SB,SB,SB,SB,SS,SS,SB,BB,SB,BB,SB,SS,SS,SB,BB,BB,BB,SB,SB,BB,BB,BB,BB,SS,SS,SB,SB
228,SS,SS,SS,SS,SS,SS,SS,SS,SB,BB,SS,SB,BB,BB,SB,SB,SB,SB,SB,SB,SB,SB,SB,SS,SS,SB,SS,SS,SS,SS,SS,SB,BB,BB,BB,BB,SS,SS,SS,SS,SS,SS,SS,SS,SS,SB,BB,BB,BB,BB,BB,SS,SB,SB,SS,SS,SS,SS,SB,SS,SS,SB,SB,SB,SS,SS
229,SB,BB,SB,SB,SB,SB,SB,BB,SB,SS,BB,BB,SS,SB,SB,SB,SB,SB,SS,SS,SS,SS,SS,BB,SB,SB,SB,SB,SB,BB,BB,SB,SB,SB,SB,BB,BB,SB,SB,BB,BB,BB,BB,BB,BB,BB,BB,SB,SB,SB,SS,SB,SB,BB,BB,BB,BB,BB,SB,SB,SB,SB,SB,SS,SB,SS
230,-,-,-,BB,BB,SB,SB,SS,-,-,-,-,-,-,-,-,-,-,-,-,-,-,-,SB,SB,SB,SB,SB,SB,SB,SB,SB,SB,BB,BB,BB,-,-,BB,BB,BB,BB,BB,SB,SS,-,-,-,-,-,-,-,-,SB,BB,BB,BB,BB,-,-,-,-,-,-,-,-
231,SB,SB,BB,SS,SS,SB,SB,SB,SB,SB,SS,SB,SB,SS,SB,SS,BB,BB,SB,BB,BB,BB,SB,BB,SB,BB,SB,SS,SS,SS,SB,SB,SB,BB,BB,SB,SB,SB,SS,SS,SS,SS,SB,SS,SS,SS,SB,SB,SB,BB,BB,SB,SB,SS,SB,SB,BB,BB,SB,SB,SB,BB,SB,SB,SB,SB
232,-,-,-,BB,BB,SB,SB,SS,-,-,-,-,-,-,-,-,-,-,-,-,-,-,-,SS,SB,SB,SB,SB,SB,BB,BB,SB,SB,SB,SB,SS,-,-,BB,BB,BB,BB,BB,BB,BB,-,-,-,-,-,-,-,-,BB,SB,SB,SS,SS,-,-,-,-,-,-,-,-
233,SS,SS,BB,SB,SB,SB,SB,SB,SB,BB,SS,BB,SS,SS,BB,BB,BB,BB,SB,SS,SS,SS,SS,SB,SB,SB,SB,SS,SS,SB,SB,SB,SB,SB,SB,SB,SB,SB,BB,BB,BB,BB,BB,BB,BB,BB,SB,SS,SS,SS,SB,BB,BB,SB,SB,SB,SB,SB,SB,BB,SS,SS,SB,SS,SS,SS
234,-,-,-,SB,BB,BB,BB,SB,-,-,-,-,-,-,-,-,-,-,-,-,-,-,-,BB,BB,BB,BB,BB,BB,BB,BB,SB,SB,SS,SS,SS,-,-,SS,SS,SS,SS,SS,SS,SS,-,-,-,-,-,-,-,-,SB,SB,SB,SB,SB,-,-,-,-,-,-,-,-
235,SS,SS,BB,SB,SB,SS,SS,SS,BB,BB,SB,SB,SB,SB,SS,SS,SB,SB,SB,SB,SB,SB,SS,BB,BB,BB,SB,SB,SB,SS,SS,SS,SS,SB,SB,SB,SB,SB,SS,SS,SS,SS,SS,SB,SB,BB,BB,SS,BB,SB,SB,SB,BB,SS,SB,SB,BB,BB,SB,SS,BB,BB,SB,BB,SB,SB
236,SS,SS,SB,SB,SB,SB,SB,SB,SB,SS,SB,SB,SB,SB,SS,SS,SS,SS,SS,BB,BB,BB,BB,SB,SB,SB,SB,SB,SS,SB,SB,SB,SB,SS,SS,SB,SB,SB,SS,SS,SS,SS,SS,SS,SS,SB,SS,BB,SB,SB,SB,BB,SB,SB,SB,SB,BB,BB,BB,BB,SS,SB,SB,SB,SS,SS
237,SB,SB,BB,SB,SB,SB,SB,SB,SB,SS,SB,SS,BB,SS,SB,BB,BB,BB,BB,BB,BB,BB,BB,SS,SS,SS,SS,SS,SS,SS,SS,BB,BB,BB,SB,SB,BB,SB,SB,SB,SB,SB,SB,SB,SB,SB,BB,SB,SB,SS,SS,SB,BB,SB,SB,SB,SB,SB,SB,SB,SS,SS,SS,SB,SS,SB
238,-,-,-,SB,SB,SB,SB,BB,-,-,-,-,-,-,-,-,-,-,-,-,-,-,-,BB,BB,BB,BB,BB,BB,SB,SB,SS,SS,SS,SS,SB,-,-,SS,SS,SS,SS,SS,SS,SS,-,-,-,-,-,-,-,-,SS,SS,SS,SS,SS,-,-,-,-,-,-,-,-
239,-,-,-,SB,SB,SB,SB,SB,-,-,-,-,-,-,-,-,-,-,-,-,-,-,-,SS,SS,SS,SS,SS,SS,SB,SB,SB,SB,SB,SB,SB,-,-,SB,SB,SS,SB,SB,SB,SB,-,-,-,-,-,-,-,-,SS,SS,SS,SS,SS,-,-,-,-,-,-,-,-
240,-,-,-,SB,SB,SS,SS,SS,-,-,-,-,-,-,-,-,-,-,-,-,-,-,-,SS,SS,SS,SS,SS,SS,SB,SB,SS,SS,SS,SS,SB,-,-,SB,SB,SB,SB,SB,SB,SB,-,-,-,-,-,-,-,-,SB,SB,SB,SB,SB,-,-,-,-,-,-,-,-
241,-,-,-,SB,SB,SB,SB,SB,-,-,-,-,-,-,-,-,-,-,-,-,-,-,-,SS,SB,SB,SB,SB,SB,SB,SB,SB,SS,SS,SS,SB,-,-,SB,SB,SS,SS,SS,SS,SS,-,-,-,-,-,-,-,-,SS,SS,SS,SS,SS,-,-,-,-,-,-,-,-
242,-,-,-,SS,SS,SS,SS,SS,-,-,-,-,-,-,-,-,-,-,-,-,-,-,-,SB,SB,SB,SB,SS,SS,SS,SS,BB,BB,SB,SB,SB,-,-,BB,SB,SB,SB,SB,SB,SB,-,-,-,-,-,-,-,-,SS,SS,SS,SS,SS,-,-,-,-,-,-,-,-
243,-,-,-,SB,SB,SB,SB,SB,-,-,-,-,-,-,-,-,-,-,-,-,-,-,-,SB,SB,SB,BB,BB,BB,BB,BB,SB,SB,SB,SB,SB,-,-,SB,SB,SS,SS,SS,SS,SS,-,-,-,-,-,-,-,-,SS,SB,SB,SB,SS,-,-,-,-,-,-,-,-
244,SB,BB,SB,SB,BB,BB,BB,BB,SB,SB,SB,SB,SS,SS,SB,SS,BB,SB,SB,SS,SS,SS,SS,SB,SB,SB,SB,SB,SB,SB,SB,SB,SB,SB,SB,BB,SB,SB,SB,SB,SB,SB,SB,SB,SS,SB,SB,SB,SS,BB,BB,SS,SS,SB,SB,SB,SB,BB,BB,BB,BB,BB,SB,SB,SB,SB
245,BB,BB,BB,SB,SB,SB,SB,SB,BB,BB,SS,SS,SB,SB,SB,SB,BB,BB,SB,SS,BB,BB,SB,SB,SB,SS,BB,BB,SB,BB,SB,SS,SS,SS,SS,SS,SS,BB,SS,SS,SS,SS,SS,SS,SS,BB,SB,SS,BB,BB,BB,SB,SB,BB,BB,BB,BB,BB,BB,SB,BB,SB,BB,SB,SB,SB
246,-,-,-,BB,BB,BB,BB,SB,-,-,-,-,-,-,-,-,-,-,-,-,-,-,-,SS,SS,SS,SS,SB,SB,SB,SB,SB,SB,SB,SB,SB,-,-,SS,SS,SS,SS,SS,SS,SB,-,-,-,-,-,-,-,-,BB,SS,SS,SS,SB,-,-,-,-,-,-,-,-
247,-,-,-,BB,BB,BB,BB,BB,-,-,-,-,-,-,-,-,-,-,-,-,-,-,-,BB,BB,BB,SB,SS,SS,SS,SS,SB,SB,SB,SB,BB,-,-,SB,SB,SB,SB,BB,BB,BB,-,-,-,-,-,-,-,-,BB,BB,BB,BB,BB,-,-,-,-,-,-,-,-
248,SB,SB,BB,BB,BB,BB,BB,BB,BB,SB,SB,SB,SB,BB,SB,BB,SS,SS,SS,SS,SS,SS,SS,SB,SB,SS,SB,SB,SB,SS,SS,BB,BB,BB,BB,BB,SB,SB,SB,SB,SB,SB,SB,SB,SS,SS,SS,SS,SS,SB,SB,SB,SB,SS,SB,SB,SB,SB,SS,SB,SB,SB,BB,SB,SS,SS
249,SS,SS,SB,SS,SS,SS,SS,SB,BB,SS,SB,SB,SB,BB,SB,SB,SB,SB,SB,SB,SB,SB,SB,SS,SB,SB,SB,SB,SB,SS,SS,BB,SB,SS,SS,SS,SS,SS,BB,BB,BB,BB,BB,SB,SB,SB,SS,BB,BB,BB,BB,SB,BB,SS,SS,SS,SS,SS,BB,BB,BB,SB,SB,BB,SB,SB
250,SS,SB,BB,BB,BB,BB,BB,BB,SS,SS,SS,SS,SB,SB,SS,SS,SS,SS,SS,SS,SS,SS,SB,SB,SB,SB,SS,SS,SS,SS,SS,BB,SB,SS,SS,SS,BB,SB,SS,SB,SB,SB,SB,BB,BB,SS,BB,SB,SS,BB,BB,SB,BB,SS,SS,SS,SS,SB,SB,BB,SS,SB,SB,BB,SS,SS
251,-,-,-,SB,SB,SB,SB,BB,-,-,-,-,-,-,-,-,-,-,-,-,-,-,-,SB,BB,BB,SB,SB,SB,SB,SB,BB,BB,BB,BB,SB,-,-,BB,BB,SS,SS,SS,SS,SS,-,-,-,-,-,-,-,-,SS,SS,SS,SS,SS,-,-,-,-,-,-,-,-
252,-,-,-,SB,SB,SB,SB,SB,-,-,-,-,-,-,-,-,-,-,-,-,-,-,-,SS,SS,SS,SS,SS,SS,SS,SS,SB,SB,SB,SB,SB,-,-,SB,SS,SS,SB,SB,SS,SS,-,-,-,-,-,-,-,-,SB,SB,SB,SB,SB,-,-,-,-,-,-,-,-
253,SS,SS,BB,SB,SB,BB,BB,BB,BB,SB,SB,BB,SB,SS,SB,BB,SB,SB,SB,SS,SS,SS,SS,SB,SB,SB,SB,SB,SB,BB,BB,BB,SB,SB,SB,SB,SB,SB,SB,SB,SB,SB,SS,SS,SS,SB,BB,SB,SB,SB,SB,SB,SB,BB,SS,SS,SS,SS,BB,SB,SB,SB,SS,SS,SS,SS
254,SS,SS,SS,SS,SS,SB,SB,SB,BB,SB,SB,BB,SB,SB,SS,SS,SB,SB,SB,SB,SB,SB,SS,SB,SB,-,SB,SB,SB,SS,SS,SS,SS,SS,SS,SS,SB,SB,BB,SB,SB,SB,SB,SB,SB,SB,BB,BB,BB,SS,SS,SS,SS,SB,SB,SB,SB,SB,SB,BB,BB,BB,SB,SB,SB,SB
255,-,-,-,SB,SB,SS,SS,SS,-,-,-,-,-,-,-,-,-,-,-,-,-,-,-,SS,SS,SS,SS,SS,SS,SS,SS,SB,SB,SB,SB,SS,-,-,BB,SB,SB,BB,BB,SB,BB,-,-,-,-,-,-,-,-,SB,SB,SB,SB,SB,-,-,-,-,-,-,-,-
256,SS,SB,SB,BB,BB,BB,BB,BB,SB,SB,BB,BB,SS,SB,SB,SB,SB,BB,SB,SB,SB,SB,SB,SS,SS,SS,SS,SS,SS,BB,BB,SS,SS,SS,SS,SS,SB,SS,BB,BB,BB,BB,BB,BB,BB,SS,BB,SB,BB,SS,SB,SB,SS,SB,SB,SB,SB,SB,SB,SB,SB,BB,SS,BB,SB,SB
257,SB,BB,SB,SB,SB,SB,SB,BB,SB,SB,SB,SS,SS,SB,SB,SS,SS,SS,SS,SB,BB,BB,BB,SB,BB,BB,BB,BB,BB,SB,SB,SS,SS,SS,SB,SB,SB,SB,SB,SB,SB,SB,SB,SB,SB,SB,BB,SS,SS,SS,SS,SB,SB,SB,BB,SB,SB,SB,BB,BB,SB,SS,BB,SS,SB,SB
258,SB,BB,SB,BB,BB,BB,BB,BB,SB,SB,SB,SB,SB,BB,SB,SS,SB,SS,SS,SS,SS,SS,SS,SB,SB,SB,SB,SB,BB,BB,SB,BB,SB,SB,SS,SS,BB,BB,SB,SB,BB,BB,BB,BB,BB,SB,BB,SS,-,SB,SB,BB,BB,SB,BB,BB,BB,BB,SB,SS,SS,SB,SB,SS,SB,SS
259,-,-,-,SB,SB,SB,SB,SB,-,-,-,-,-,-,-,-,-,-,-,-,-,-,-,SB,SB,SB,SB,SB,SB,SB,SB,SB,SB,SB,BB,BB,-,-,BB,BB,BB,BB,BB,BB,SB,-,-,-,-,-,-,-,-,SB,SB,SS,SS,SS,-,-,-,-,-,-,-,-
260,-,-,-,BB,BB,BB,BB,BB,-,-,-,-,-,-,-,-,-,-,-,-,-,-,-,SS,SB,SB,SB,SS,SS,SS,SS,SB,SB,SB,SB,BB,-,-,BB,BB,BB,BB,BB,BB,BB,-,-,-,-,-,-,-,-,SB,SB,SB,SB,SB,-,-,-,-,-,-,-,-
261,BB,BB,SB,SB,SB,SB,SB,BB,SB,SS,BB,SB,SS,SS,SB,SB,SB,SS,SS,SS,SS,SS,-,SS,SS,SS,SS,SS,SS,SS,SS,SB,SB,SS,SS,SS,SB,SB,SS,SS,SB,SB,SB,SB,SB,SB,BB,SB,SS,BB,SB,SS,SS,SS,SS,SS,SB,SB,SS,SB,BB,BB,SS,BB,SB,SB
262,SB,BB,SS,SS,SB,SB,SB,SB,SB,SB,SS,SB,SB,SB,SB,SS,SB,SB,SB,SB,SB,SB,SB,SB,SB,SB,SB,SB,SS,SS,SS,SS,SS,SB,SB,SB,SB,SB,BB,BB,BB,BB,BB,BB,SB,BB,SS,BB,SB,BB,SB,SB,SB,BB,SB,SB,SB,SB,SB,SB,BB,BB,SS,SS,SB,SS
263,SB,SS,BB,SB,SS,SS,SS,BB,SS,SS,BB,BB,SB,SB,SB,SB,BB,BB,BB,SB,SB,SS,SS,BB,BB,BB,BB,BB,SB,SB,SB,SS,SS,SS,SS,SS,SB,SS,SS,SS,SS,SS,SS,SS,BB,SB,SB,SS,SB,SB,SB,SS,SS,BB,BB,SB,SS,SS,BB,BB,BB,SS,SB,SS,SB,SB
264,SB,SB,BB,SB,SB,BB,BB,BB,SB,BB,SB,SB,BB,BB,SB,SB,SB,SB,SB,SB,SB,SB,SB,BB,BB,BB,SB,SB,SB,SB,SB,SS,SS,SB,SB,SB,SS,BB,BB,BB,BB,BB,BB,BB,BB,SB,SB,SB,SB,SB,SB,SB,SS,SB,SB,SB,SB,SB,BB,SB,SS,BB,SS,SS,SS,SS
265,-,-,-,SB,SB,SB,SB,SB,-,-,-,-,-,-,-,-,-,-,-,-,-,-,-,SS,SS,SS,SB,SB,SB,SB,BB,SB,SB,SB,SS,SB,-,-,BB,SB,SB,SB,SB,SB,SB,-,-,-,-,-,-,-,-,SB,BB,BB,BB,BB,-,-,-,-,-,-,-,-
266,SB,SB,SB,SB,SB,BB,BB,BB,SS,SS,SB,SS,SB,SS,SB,BB,SB,SB,SB,SS,BB,BB,SB,SB,SB,SB,SB,SB,SB,SB,SS,BB,SS,SS,SS,SS,SB,SB,SS,SS,SB,SB,SB,SB,SB,SB,BB,BB,SS,SB,SB,SB,SB,SS,SS,SS,SS,SS,BB,SS,SB,SS,SS,SS,SB,SB
267,-,-,-,BB,BB,BB,BB,BB,-,-,-,-,-,-,-,-,-,-,-,-,-,-,-,SS,SS,SS,SS,SS,SS,SB,SB,SS,SB,SB,SB,SB,-,-,SB,SB,SB,SB,SB,BB,BB,-,-,-,-,-,-,-,-,SB,SB,SB,SB,SB,-,-,-,-,-,-,-,-
268,SB,SB,SB,BB,BB,BB,BB,BB,SB,SB,SB,SB,SB,SB,SB,SB,SB,BB,BB,BB,BB,BB,BB,SB,SB,BB,SB,SB,SB,BB,BB,SB,SB,SB,SB,SS,SB,BB,SB,SB,SB,BB,SB,SB,SS,BB,SS,SB,SS,SB,SB,BB,BB,SS,SB,SB,BB,BB,SB,SS,SB,SB,BB,BB,SS,SB
269,BB,BB,SB,BB,BB,BB,BB,SB,BB,SB,SB,SB,SB,SB,SB,SB,BB,SB,SB,SS,SS,SS,SS,SB,BB,BB,BB,BB,SB,BB,BB,SB,SB,SB,BB,BB,BB,BB,SS,SB,SB,SB,SB,SB,BB,SS,SB,BB,BB,SB,SB,BB,BB,SS,SS,SB,SB,SB,BB,SB,SS,SS,SB,BB,SB,SS
270,SS,SS,BB,SB,SB,BB,BB,BB,BB,SB,BB,BB,SB,SS,SB,SB,SS,SS,SS,SS,SS,SS,SS,BB,BB,BB,BB,SB,SS,SS,SS,SB,BB,SB,SB,SB,SS,SS,SB,SB,SB,SB,SB,SS,SB,SB,BB,BB,SS,SS,SB,SB,SB,BB,BB,SB,SS,SS,SB,BB,SS,SS,BB,BB,SS,SS
271,-,-,-,SB,SB,SB,SB,BB,-,-,-,-,-,-,-,-,-,-,-,-,-,-,-,SB,SB,SB,SB,SB,SB,SB,SB,SS,SB,SB,SB,BB,-,-,SB,SB,SB,SB,SB,SB,SB,-,-,-,-,-,-,-,-,SB,SB,SB,SB,SB,-,-,-,-,-,-,-,-
272,-,-,-,SB,SB,SB,SB,SB,-,-,-,-,-,-,-,-,-,-,-,-,-,-,-,SS,SB,SB,SB,SB,SB,SB,SB,SB,SB,SS,SS,SS,-,-,BB,BB,BB,BB,BB,BB,SB,-,-,-,-,-,-,-,-,SB,SB,SB,SB,SB,-,-,-,-,-,-,-,-
273,-,-,-,SB,SB,SB,SB,SS,-,-,-,-,-,-,-,-,-,-,-,-,-,-,-,SB,SS,SS,SB,SB,SB,SB,SB,SS,SS,SB,SB,SB,-,-,SB,SB,SB,BB,BB,BB,SB,-,-,-,-,-,-,-,-,SS,SS,SS,SB,BB,-,-,-,-,-,-,-,-
274,BB,BB,SB,SB,SB,SB,SB,SB,BB,BB,BB,SB,BB,SB,SS,SB,SB,SB,SB,SB,SB,SB,SS,BB,BB,BB,SB,SB,SB,SB,SB,BB,SB,SB,SB,SB,SB,SB,SS,SS,SS,SS,SS,SS,SS,SB,BB,SB,SB,SB,SB,SB,SB,SB,SB,SB,SB,SB,SB,SS,SB,SB,SB,SB,SB,SB
275,SB,SB,SS,SB,SB,SB,SB,SB,BB,SB,BB,SB,BB,BB,SB,SB,SB,SB,SB,BB,BB,BB,BB,SB,SB,SB,SB,SS,SS,SS,SS,BB,SB,SB,SB,SB,SS,SB,SB,SB,SB,SB,SB,SB,SB,SB,SB,SS,SS,SS,SB,SS,SS,SB,SB,SB,SB,SB,SB,BB,SB,SS,BB,BB,SB,SB
276,SB,SB,SB,BB,BB,BB,BB,BB,BB,BB,SB,BB,SS,SB,BB,SB,BB,BB,SB,SB,BB,SB,SB,SB,SB,SB,SB,SB,SB,BB,BB,BB,BB,BB,SB,SB,SS,SS,BB,SB,SS,SS,SS,SS,SS,SB,BB,SS,SB,BB,SB,BB,SS,SS,SS,SS,SB,SB,SB,SS,SS,SS,SB,SS,SS,SB
277,-,-,-,SS,SS,BB,BB,BB,-,-,-,-,-,-,-,-,-,-,-,-,-,-,-,BB,BB,SB,SB,SB,SS,SS,SS,BB,BB,BB,BB,BB,-,-,SB,SB,BB,BB,BB,BB,BB,-,-,-,-,-,-,-,-,SB,SB,SB,SB,SB,-,-,-,-,-,-,-,-
278,-,-,-,BB,BB,BB,BB,BB,-,-,-,-,-,-,-,-,-,-,-,-,-,-,-,SB,SB,SB,SB,SB,SB,SB,SB,SB,BB,BB,BB,SB,-,-,BB,BB,BB,BB,SB,SB,SB,-,-,-,-,-,-,-,-,SB,SB,SB,SB,SB,-,-,-,-,-,-,-,-
279,-,-,-,SB,SB,SB,SB,SB,-,-,-,-,-,-,-,-,-,-,-,-,-,-,-,SB,BB,BB,BB,SB,BB,BB,BB,SB,SB,SS,SS,SB,-,-,SB,SS,SS,SB,SS,SS,SB,-,-,-,-,-,-,-,-,SB,BB,BB,BB,BB,-,-,-,-,-,-,-,-
280,BB,BB,SB,BB,BB,BB,BB,BB,SB,SS,SB,SS,SB,SS,SB,BB,SB,SB,BB,SB,SB,SB,SB,SS,SS,SS,SB,SB,SB,SB,SS,SS,SB,SB,SB,SS,SS,SB,SB,SB,SB,SB,SB,SB,SB,SB,SB,BB,SS,SB,SB,SB,SB,SS,SS,SS,SB,SB,SB,SS,SB,SB,SB,SB,SB,SS
281,SS,SB,SB,SB,SS,SB,SB,SB,SB,SS,BB,SB,SB,SB,BB,BB,SB,SB,SB,SB,SB,SB,BB,BB,BB,BB,BB,BB,BB,BB,BB,BB,BB,BB,SB,SS,SS,SS,SS,SS,SS,SS,SS,SS,SS,SS,SB,SS,SS,BB,BB,SS,SS,BB,BB,BB,BB,BB,SB,BB,SS,SS,SS,SB,SB,SB
282,-,-,-,SS,SS,SS,SS,SS,-,-,-,-,-,-,-,-,-,-,-,-,-,-,-,SB,SB,SB,SB,SB,SB,SS,SS,SB,SB,SB,SB,BB,-,-,SB,BB,BB,BB,BB,BB,BB,-,-,-,-,-,-,-,-,SS,SS,SS,SS,SS,-,-,-,-,-,-,-,-
283,-,-,-,BB,BB,SB,SB,SB,-,-,-,-,-,-,-,-,-,-,-,-,-,-,-,BB,BB,BB,BB,BB,BB,SB,SB,SS,SS,SB,SB,SB,-,-,SB,SB,SB,SB,SB,SB,SB,-,-,-,-,-,-,-,-,SS,SS,SB,SB,SB,-,-,-,-,-,-,-,-
284,SS,SS,SB,BB,SB,SB,SB,SB,BB,SS,SB,SB,SB,SB,SS,SS,SB,SB,SB,SB,BB,BB,SB,SB,BB,BB,BB,BB,BB,BB,BB,BB,BB,SB,SB,SB,SB,SS,SB,BB,BB,BB,BB,BB,BB,SS,BB,SS,SB,SB,SB,SB,SB,SB,SB,SB,BB,BB,BB,BB,SB,SS,SS,SB,SB,SB
