id,PVV4,AXR-1,HH.335C-Col/PhyA,EC.480C,EC.66C,GD.86L,CH.160L-Col,CC.98L-Col/101C,AD.121C,AD.106L-Col,GB.112L,GD.97L,EG.113L/115C,CD.89C,BF.206L-Col,CH.200C,EC.88C,GD.160C,HH.375L,CH.215L,BF.116C,GH.157L-Col,CC.318C,CD.173L/175C-Col,GH.127L-Col/ADH,HH.360L-Col,AD.156C,BF.325L,GH.580L,DF.225L,AD.77L,CH.266C,CH.610C,HH.258C,BH.145C,BF.226C/BH.58L,FD.226C,GD.145C,GH.94L,BF.82C,GD.465C,FD.306L,EC.495C-Col,BH.460L,FD.81L,BF.105C,CH.284C,FD.222L-Col,CD.245L,EG.66L,CH.65C,CH.1500C,BF.221L,FD.85C,GB.150L-Col,FD.150C,GD.460L-Col,CC.332C,Erecta,CH.145L-Col/150C,AD.191L-Col,BH.195L-Col,GD.298C,GH.247L,BH.120L-Col,DF.140C,EG.357C/359L-Col,EC.235L-Col/247C,DF.77C,GB.120C-Col,GD.248C-Col/249L,EG.75L,CH.322C,FD.111L-Col/136C,CC.266L,BF.270L-Col/271C,CC.110L/127C,BH.88C,EC.58C,GH.390L,GH.321L/323C-Col,GH.226C/227L-Col,HH.158L,EC.83C/84L,GD.318C/320L,AD.92L,HH.410C,BF.148C,GB.210L,CD.800C,HH.242C,BF.134C-Col,BH.225C-Col,EG.122C,BF.307L,AD.427L,BF.239L,GH.411C/413L-Col,GD.113C-Col,BH.323C-Col,GD.136C-Col,GD.207C-Col,GB.80C-Col,AD.108L,FD.97C-Col,HH.440L,GD.360L,DF.303C,DF.250L,GD.174C-Col,DF.76L,BF.128C,HH.117C,HH.102C,GD.296C-Col,DF.328C,GH.172C,FD.98C,CD.87L-Col,CC.149L-Col,AD.182C,DF.65L-Col,GD.106C,GH.58C-Col,HH.171C-Col/173L,AD.179C,AD.495L-Col,AD.112L-Col,BH.109L-Col,GB.97L-Col/99C,BH.285C,HH.90L-Col,ANL2,GH.250C,CH.169C,FD.166L,CD.320C,BF.740L,CC.288L,GH.165L,HH.161L,CD.730C,BF.151L,AD.383C,GH.266L,CC.388L,EC.306L,GH.91C,BH.92L-Col,FD.154L,GH.64C,CH.238C,CD.84C-Col/85L,GH.263C-Col,SC5,g4539,DF.108L-Col,CD.329C-Col,AD.307C,AD.115L-Col,FD.167L-Col,CH.70L/71C-Col,HH.159C-Col,GH.433L-Col,GB.490C,GB.750C,BH.342C/347L-Col,FD.207L,CH.690C,AD.292L,BH.144L,FD.239L-Col,EC.198L-Col,BH.180C,BH.325L,BH.107L-Col,BF.269C,AD.114C-Col,DF.231C,CC.400L-Col,DF.184L-Col,EG.117L,BF.164C,GH.473C,GH.117C,GH.121L-Col,DF.154C,AD.129L-Col,HH.480C,BH.96L-Col,CC.188L,EC.395C,CC.322C,GH.190C,GD.239L-Col,CH.60C,HH.225C-Col,EG.410C,DF.300C,GB.235C-Col,GB.59C,CD.179L,CH.88L,EC.96L,CD.116L,CC.216C,EC.151L,CC.277L-Col,DFR,AD.254C,AD.75C-Col,GB.248C,GD.350L-Col,CD.160L,BH.81L-Col,BF.81C,CC.540C-Col,GB.223C,DF.450C,HH.445L-Col,GD.118C,CC.262C,FD.345C,GB.102L-Col/105C,HH.143C,BF.168L-Col,DF.119L,CH.331L-Col,CH.124C,GD.222C-Col,g2368,FD.188C,EG.205L,HH.122C/120L
1,L,L,L,L,L,L,L,L,L,L,L,L,L,L,L,L,L,L,L,L,L,L,C,C,C,C,L,L,C,C,C,C,C,C,C,C,C,C,C,C,C,C,C,C,C,C,C,C,C,C,C,C,C,C,C,C,C,C,C,C,C,C,C,C,C,C,L,L,C,C,C,C,C,C,C,C,C,C,C,L,L,L,L,L,L,L,L,L,L,L,L,L,L,L,L,L,L,L,L,L,L,L,L,L,L,L,L,L,L,L,L,L,L,L,L,L,L,L,L,L,L,L,L,L,L,L,L,L,L,L,L,L,C,C,C,C,C,C,C,C,C,C,C,C,C,C,C,C,C,C,C,C,C,C,C,C,C,C,C,C,C,C,C,C,C,C,C,L,C,C,C,C,C,C,C,C,C,C,C,C,C,C,C,C,C,C,C,C,C,C,C,C,C,C,C,C,C,C,C,L,L,L,L,L,L,L,L,L,L,L,L,L,L,L,L,L,L,L,L,L,L,L,L,L,L,L,L,L,L,L,L,L,L,L
2,L,L,L,L,L,L,L,L,L,L,L,L,L,L,L,L,L,L,C,C,C,C,C,C,C,C,C,C,C,C,C,C,C,C,C,C,C,C,C,C,C,C,C,C,C,C,C,C,C,C,C,C,C,C,L,L,L,L,L,L,L,L,L,L,L,C,C,C,C,C,C,C,C,C,C,C,C,C,C,C,C,C,C,C,L,L,L,L,L,L,L,L,L,L,L,L,L,L,L,L,L,L,L,L,L,L,L,L,L,L,L,L,L,L,L,L,L,L,L,L,L,L,L,L,L,L,L,L,L,L,L,L,C,C,L,L,L,L,L,L,L,L,L,L,L,L,L,L,L,L,L,L,C,C,C,C,C,L,L,L,L,L,L,L,L,L,C,L,L,L,L,L,L,L,L,L,L,L,L,L,L,L,L,L,L,L,L,L,L,L,L,L,L,L,L,L,L,L,L,L,L,L,L,L,L,L,L,L,L,L,L,L,L,L,L,L,L,L,L,L,L,L,L,L,L,L,L,L,L,L,L,L,L,L
3,C,C,L,L,L,L,L,L,L,L,C,C,C,C,C,C,C,C,C,C,C,C,C,C,C,C,L,L,L,L,L,L,L,L,L,L,L,L,L,L,L,L,L,L,L,L,L,L,L,L,L,L,L,L,L,L,L,L,L,L,L,L,L,L,L,L,L,L,L,L,L,L,L,-,C,C,C,C,C,C,C,C,C,C,C,C,C,C,L,L,L,L,L,L,C,C,C,C,C,C,C,C,C,C,C,C,C,C,C,C,C,C,C,C,C,C,C,C,C,C,C,L,L,L,L,L,L,L,L,L,L,L,C,C,C,C,C,C,C,C,C,C,C,C,C,C,C,C,C,C,C,C,C,C,C,C,C,C,C,C,C,C,C,C,C,C,C,L,L,L,L,L,L,L,L,L,L,L,L,L,L,L,L,L,L,L,L,L,L,L,L,L,L,L,L,L,L,L,L,L,L,L,L,L,L,L,L,L,L,L,L,L,L,L,L,L,L,L,L,L,L,L,L,L,L,L,C,C,C,C,C,C,C,C
4,L,L,L,L,L,L,L,-,L,L,L,L,L,L,L,L,L,L,C,C,C,C,-,C,L,L,L,L,L,L,L,L,L,L,L,L,L,L,L,L,L,L,L,L,L,L,L,L,L,L,L,L,L,L,L,L,L,-,L,L,L,L,L,L,L,L,L,L,L,L,L,L,L,L,-,L,-,L,L,L,L,L,L,L,L,L,C,C,C,C,C,C,C,C,C,C,C,C,C,C,C,C,C,C,C,C,C,C,C,C,C,C,C,C,C,L,L,L,L,-,L,L,L,L,L,L,L,L,L,L,L,L,L,L,L,L,L,L,-,L,L,L,L,L,L,-,C,C,C,C,C,C,C,C,C,C,C,C,C,C,C,C,C,C,C,L,L,C,C,C,C,C,C,C,C,C,C,C,C,-,C,C,C,C,C,C,C,C,C,C,-,C,-,C,C,C,C,C,C,C,C,C,C,C,C,-,C,-,C,C,C,C,C,C,C,C,-,C,C,C,C,-,C,C,C,C,C,C,C,C,C,C,C,C
5,C,C,C,C,C,C,C,C,L,L,L,L,L,L,L,L,C,C,C,C,C,C,C,C,C,C,L,L,L,L,L,L,L,L,L,L,L,L,L,L,L,L,L,L,L,L,L,L,L,L,L,L,L,L,L,L,L,L,L,L,L,L,L,L,L,L,L,L,L,L,L,L,L,L,L,L,L,L,L,L,L,L,L,L,L,L,L,L,L,L,L,L,L,L,L,L,L,L,L,L,L,L,L,L,L,L,L,L,L,L,L,L,L,L,L,L,L,L,L,L,L,L,L,L,L,L,L,L,L,L,L,L,C,C,C,C,C,C,C,C,C,C,C,C,C,C,L,L,L,L,L,L,L,L,L,L,L,L,L,L,L,L,L,L,L,C,C,L,L,L,L,L,L,L,L,L,L,L,L,L,L,L,L,L,L,C,C,C,C,C,C,C,C,C,C,C,C,C,C,C,C,C,C,C,C,C,C,C,C,L,L,L,L,L,L,L,L,L,L,L,L,L,L,L,L,L,L,L,L,L,L,L,L,L
6,C,C,C,C,C,C,C,C,C,C,C,C,L,L,L,L,L,L,L,L,C,C,C,C,C,C,C,C,C,C,C,C,C,C,C,C,C,C,C,C,C,C,C,C,C,C,C,C,C,C,C,C,C,C,C,C,C,C,C,C,C,C,C,C,C,C,C,C,C,C,C,C,C,C,C,C,C,C,C,C,C,C,C,C,C,C,C,C,C,C,C,C,C,C,C,C,C,C,C,C,C,C,C,C,C,C,C,C,C,C,C,C,C,C,C,C,C,C,C,C,C,C,C,C,C,C,C,C,C,C,C,C,-,-,L,L,L,L,L,L,L,L,L,L,L,L,L,L,L,C,C,C,C,C,C,C,C,C,C,C,C,C,C,C,C,C,C,L,L,L,L,L,L,L,L,L,L,L,L,L,L,L,L,L,L,L,L,L,L,L,L,L,L,L,L,L,L,L,L,L,L,L,L,L,L,L,L,L,L,L,L,L,L,L,L,L,L,L,C,C,C,C,C,C,C,C,L,L,L,L,L,L,L,L
7,L,L,L,L,L,L,L,L,C,C,C,C,C,C,C,C,C,C,C,C,C,C,C,C,C,C,L,L,L,L,L,L,L,L,L,L,L,L,L,L,L,L,L,-,L,L,L,L,L,L,L,L,L,L,L,L,L,L,L,L,L,L,L,L,L,L,L,L,L,L,L,L,L,L,L,L,L,L,L,L,L,L,L,L,L,L,L,L,-,C,C,C,-,-,-,-,-,-,-,C,C,C,C,L,L,L,L,L,L,L,L,L,L,L,L,L,L,L,C,C,C,C,C,C,C,C,C,C,C,C,C,C,C,C,C,C,C,C,C,C,C,C,C,C,C,C,C,C,L,L,L,L,L,L,L,L,L,L,L,L,L,L,L,L,L,L,L,C,C,C,C,C,C,C,C,C,C,C,C,C,C,C,C,C,C,C,C,C,C,L,L,L,L,L,L,L,L,L,L,C,C,C,C,C,C,C,L,L,L,L,L,L,L,L,L,L,L,L,L,L,L,L,L,L,L,L,L,L,L,L,L,L,L,L
8,C,C,C,L,L,L,L,L,L,C,C,C,C,C,C,C,C,C,C,C,C,C,C,C,C,C,C,C,L,L,L,L,L,L,L,L,L,L,L,L,L,L,L,L,L,L,C,C,L,L,L,L,L,L,L,L,L,L,L,L,L,L,L,L,L,L,L,L,C,L,L,L,L,L,L,L,L,L,L,L,L,L,L,L,L,L,L,L,L,L,L,L,L,L,L,L,L,L,L,L,L,L,L,L,L,L,L,L,L,L,L,L,L,L,L,L,L,L,L,L,L,L,L,L,L,L,L,L,L,L,L,L,L,L,C,C,C,C,C,C,C,C,C,C,C,C,C,C,L,L,L,L,L,L,L,L,L,L,L,L,L,C,C,C,C,C,C,L,L,L,L,C,C,C,C,C,C,C,C,C,C,C,C,C,C,L,L,L,L,L,L,L,L,L,L,L,L,L,L,L,L,L,L,L,L,L,L,L,L,L,L,L,L,L,L,L,L,L,L,L,L,L,L,L,L,L,L,L,L,L,L,L,L,L
9,C,C,C,C,C,C,C,C,C,C,C,C,C,C,C,C,L,L,L,L,L,L,L,L,L,L,C,C,C,C,C,C,C,C,C,C,C,C,C,C,C,C,C,C,C,C,C,C,C,C,C,C,C,C,C,L,L,L,L,L,L,L,L,L,L,L,L,L,L,L,L,L,L,L,L,L,C,C,C,C,C,C,C,C,C,C,C,C,C,C,C,C,C,C,C,C,C,C,C,C,C,C,C,C,C,C,C,C,C,C,C,C,C,C,C,C,C,C,C,C,C,L,L,L,L,L,L,L,L,L,L,L,C,C,C,C,C,C,C,C,C,C,C,C,C,C,C,C,C,C,C,C,C,C,C,C,C,C,C,C,C,C,C,C,C,C,C,L,L,L,L,L,L,L,L,L,L,L,L,L,L,L,L,L,L,L,L,L,L,C,C,C,C,C,C,C,C,C,C,C,C,C,C,C,C,C,C,C,C,C,C,C,C,C,C,C,C,C,C,C,C,C,C,C,L,L,L,L,L,L,L,L,L,L
10,C,C,C,C,C,C,C,C,C,C,C,C,C,L,L,L,L,L,C,C,C,C,C,C,C,C,L,L,L,L,L,L,L,L,L,L,L,L,L,L,L,L,L,L,L,L,L,L,L,L,L,L,L,L,L,L,C,C,C,C,C,C,C,C,C,C,C,C,C,C,C,C,C,C,C,C,C,C,C,C,C,C,C,C,C,L,L,L,L,L,L,L,L,L,L,L,L,L,L,L,L,L,L,L,L,L,L,L,L,L,L,L,L,L,L,L,L,L,L,L,L,L,L,C,C,C,C,C,C,C,C,C,C,C,C,C,C,C,C,C,C,C,C,C,C,C,C,C,C,C,L,L,L,L,L,L,L,L,L,L,L,L,L,L,L,C,C,C,C,C,C,C,C,C,C,C,C,C,C,C,C,C,C,C,C,C,C,C,C,C,C,C,C,C,C,C,C,C,C,C,C,C,C,C,C,C,C,C,C,C,C,L,L,L,L,L,L,L,L,L,L,L,L,L,L,L,L,L,L,L,L,L,L,L
11,C,C,L,L,L,L,L,L,L,L,L,C,C,C,C,C,C,C,C,C,C,C,C,C,C,C,L,L,L,L,L,L,L,L,L,L,L,L,L,L,L,L,L,L,L,L,L,L,L,L,L,C,C,C,C,C,C,C,C,-,L,L,L,L,L,L,L,L,C,C,L,L,L,C,C,C,C,C,C,C,C,C,C,C,C,C,C,C,C,C,C,C,C,C,C,C,C,C,C,C,C,C,C,C,C,C,C,C,C,C,C,C,C,C,C,C,C,C,L,L,L,L,L,L,L,L,L,L,L,L,L,L,L,L,C,C,C,C,C,C,C,C,C,C,C,C,C,C,C,C,C,C,C,C,L,L,L,L,L,L,L,L,L,L,L,L,L,L,L,L,L,L,L,L,L,L,L,L,L,L,L,L,L,L,L,L,L,L,L,-,L,L,L,L,L,L,L,L,L,L,L,L,L,L,L,L,L,L,L,L,L,L,L,L,L,L,L,L,L,L,L,L,L,L,L,L,L,L,L,L,L,L,L,L
12,C,C,C,C,C,C,C,C,C,C,C,L,L,L,L,L,L,L,L,L,L,L,L,C,C,C,C,C,C,C,C,C,C,C,C,C,C,C,C,C,C,C,C,C,L,L,L,L,L,L,L,L,L,L,L,L,L,L,L,L,L,L,L,L,L,L,L,L,C,C,C,C,C,C,C,C,C,C,C,L,L,L,L,L,L,L,L,L,L,L,L,L,L,L,L,L,L,L,L,L,L,L,L,L,L,L,L,L,L,L,L,L,L,L,L,L,L,L,L,L,L,L,L,L,L,L,L,L,L,L,L,L,L,L,L,L,L,L,L,L,L,L,L,L,L,L,L,L,L,L,L,L,L,L,-,-,C,C,C,C,C,C,L,L,L,L,L,C,C,C,C,C,C,C,C,C,C,L,L,L,L,L,L,L,L,L,L,L,L,L,L,L,L,L,L,L,L,L,L,L,L,L,L,L,L,L,L,L,L,L,L,L,L,L,L,L,L,L,L,L,L,C,C,C,C,C,C,C,C,C,C,C,C,C
13,L,C,C,C,C,C,C,C,C,L,L,L,L,L,L,L,L,L,L,L,L,L,L,C,C,L,L,C,L,L,L,L,L,L,L,L,L,L,L,L,L,L,L,L,C,C,C,C,C,C,L,L,L,L,L,L,L,L,L,L,L,L,L,L,L,L,L,L,L,L,L,L,L,L,L,L,L,L,L,L,L,L,L,L,L,L,L,L,L,L,L,L,L,L,L,L,L,L,L,L,L,L,L,L,L,L,L,L,L,L,L,L,L,L,L,L,L,L,L,L,L,L,L,L,L,L,L,L,L,L,L,L,L,L,L,L,L,L,L,L,L,L,L,L,L,L,L,L,L,L,L,L,L,L,L,L,L,L,L,L,L,L,L,L,L,L,L,C,C,C,C,C,C,C,C,L,L,C,C,C,C,C,C,C,C,C,C,C,C,C,C,C,C,C,C,C,C,C,C,C,C,C,L,L,L,L,L,L,L,C,C,C,C,C,C,C,C,C,C,C,L,L,L,L,L,L,L,L,L,L,C,C,C,C
14,L,L,L,L,L,L,L,L,L,L,L,L,C,C,C,C,C,C,C,C,C,C,C,C,C,L,L,C,C,C,C,C,C,C,C,C,C,C,C,C,C,C,C,C,C,C,C,C,C,C,C,-,C,C,C,C,C,C,C,C,C,C,C,C,C,C,L,L,C,C,C,C,C,C,C,C,C,C,C,C,C,C,C,C,C,L,L,L,L,L,L,L,L,L,L,L,L,L,L,L,L,L,L,L,L,L,L,L,L,L,L,L,-,-,C,C,C,C,C,C,C,C,C,C,C,C,C,C,C,C,C,C,C,C,C,C,C,C,C,C,C,C,C,C,C,C,C,C,C,C,C,C,C,C,L,L,L,L,L,L,L,L,L,L,L,L,C,C,C,C,C,C,C,C,C,C,C,C,C,C,C,C,C,C,C,C,C,C,L,L,L,L,L,L,L,L,L,L,L,L,L,L,L,L,L,L,L,L,L,L,L,L,L,L,L,L,L,L,L,L,L,L,L,L,L,L,L,L,L,L,L,L,L,L
15,C,C,C,C,C,C,C,C,C,C,C,C,C,C,C,C,C,L,L,L,L,L,L,L,L,L,C,L,L,L,L,L,L,L,L,L,L,L,L,L,L,L,L,L,L,L,C,C,C,C,C,C,C,C,C,C,C,C,C,C,C,C,C,C,C,C,C,C,L,L,L,C,C,C,C,C,C,C,C,C,C,C,-,-,-,-,L,L,L,L,L,L,L,L,L,L,L,L,L,L,L,L,L,L,L,L,L,L,L,L,L,L,L,L,L,C,C,C,L,L,L,L,L,L,L,L,L,L,L,L,L,L,C,C,C,C,C,C,C,C,C,C,C,C,C,C,C,C,C,C,C,C,C,C,C,C,C,C,C,C,C,C,C,C,C,C,C,C,C,C,C,L,L,L,L,L,L,L,L,L,L,L,L,L,L,C,C,C,C,C,C,C,C,C,C,C,C,C,C,C,C,C,C,C,C,C,C,C,C,C,C,C,C,C,C,C,C,C,C,C,C,C,C,C,L,L,L,L,L,L,L,L,L,L
16,L,L,L,L,L,L,L,L,L,L,L,L,L,L,L,L,L,L,L,L,L,L,L,L,L,L,C,C,C,C,C,C,C,C,C,C,C,C,C,C,C,C,C,C,C,C,C,C,C,C,C,C,C,C,C,C,C,C,C,C,C,C,C,C,C,C,C,C,L,L,L,L,L,L,L,L,L,L,L,L,L,L,L,L,L,L,L,L,L,L,L,L,L,L,L,L,L,L,L,L,L,L,L,L,L,L,L,L,L,L,L,L,L,L,L,L,L,L,L,L,L,L,L,L,L,L,L,L,L,L,L,L,C,L,L,L,L,L,L,L,L,L,L,L,L,L,L,L,L,L,C,C,C,C,C,C,C,C,C,C,C,L,L,L,C,C,C,L,L,L,L,L,L,L,L,L,L,L,L,L,L,L,L,L,L,L,L,L,L,L,L,L,L,L,L,L,L,L,L,L,L,L,L,L,L,L,L,L,L,L,L,L,L,L,L,L,L,L,L,L,L,L,L,L,L,L,L,L,L,L,L,L,L,L
17,L,L,C,C,C,C,C,C,L,L,C,C,C,L,-,-,L,L,L,L,L,L,L,L,-,L,C,L,L,L,L,L,L,L,L,L,L,L,L,L,L,L,L,L,L,L,L,L,L,L,L,L,L,L,L,L,L,L,L,L,L,L,L,L,L,L,L,L,L,L,L,L,L,L,L,L,-,-,-,C,C,C,C,C,C,C,L,L,L,L,L,L,L,L,L,L,L,L,L,L,L,L,L,L,L,L,L,L,L,L,L,L,L,L,L,L,L,L,L,L,L,L,L,L,L,L,L,L,L,L,L,L,C,C,L,L,L,L,L,L,L,L,L,L,L,L,L,L,L,L,L,L,L,L,L,L,L,L,L,L,L,C,C,C,C,L,L,L,L,L,L,L,L,L,L,L,L,L,L,L,C,C,C,C,C,L,-,L,L,L,L,L,L,L,L,L,L,L,L,L,L,L,L,L,L,L,L,L,L,L,L,L,L,L,L,L,L,L,L,L,L,L,L,L,L,L,L,L,L,L,L,L,L,L
18,L,L,L,L,L,L,L,L,L,L,L,L,L,L,L,L,L,L,L,L,L,L,L,L,L,L,L,L,L,L,L,L,L,L,L,L,L,L,L,L,L,L,L,L,L,L,L,L,L,L,L,L,L,L,L,L,L,L,L,L,-,L,L,L,L,L,L,L,L,L,L,L,L,L,L,L,L,L,L,-,-,-,-,-,-,-,-,-,-,C,C,C,C,C,C,C,C,C,C,C,C,C,C,C,C,C,C,C,C,C,-,C,C,C,L,L,L,L,L,L,L,L,L,L,L,L,L,L,L,L,L,L,L,L,L,L,L,L,L,L,L,L,L,L,L,L,L,L,L,L,L,L,L,L,L,L,L,L,L,L,L,L,L,L,L,L,L,L,L,L,L,L,L,L,L,C,C,C,C,C,C,C,C,C,C,C,-,C,C,C,C,C,C,C,C,C,C,C,C,C,C,C,C,C,C,C,C,C,C,C,C,C,C,C,C,C,C,C,C,C,C,C,C,C,C,C,C,C,C,C,C,C,C,C
19,L,L,L,L,C,C,C,C,C,C,-,C,C,C,C,C,C,C,L,L,L,L,L,L,L,L,L,L,L,L,L,L,L,L,L,L,L,L,L,L,L,L,L,L,L,L,L,C,C,C,C,C,C,C,C,C,C,C,C,C,C,C,C,C,C,C,C,C,C,C,C,C,C,C,L,L,L,L,L,L,L,L,L,L,L,L,L,L,L,L,L,L,L,L,L,L,L,L,L,L,L,L,L,L,L,L,L,L,L,L,L,L,L,L,L,L,L,L,L,L,L,L,L,L,L,L,L,L,L,L,L,L,C,L,L,L,L,L,L,L,L,L,L,L,L,L,C,C,L,L,L,L,L,L,L,L,L,L,L,L,L,L,L,L,L,L,L,C,C,C,L,L,L,L,L,L,L,L,L,L,L,L,L,L,L,L,L,L,L,L,L,L,L,L,L,L,L,L,L,L,L,L,L,L,L,L,L,L,L,L,L,L,L,L,L,L,L,L,L,L,L,L,L,L,L,L,L,L,L,L,L,L,L,L
20,C,C,C,C,C,C,C,C,C,C,L,L,L,C,C,C,C,C,C,C,C,C,C,C,C,C,L,L,L,L,L,L,L,L,L,L,L,L,L,L,L,L,L,-,L,L,L,L,L,L,L,L,L,L,L,L,L,L,L,L,L,L,C,C,C,C,C,C,L,L,L,L,L,L,L,L,L,L,L,L,L,L,L,L,L,L,L,L,L,L,L,C,C,C,C,C,C,C,C,-,-,-,-,L,-,-,-,-,-,-,-,C,C,C,L,L,L,L,L,L,L,L,L,-,L,L,L,C,C,C,C,C,C,C,C,C,C,C,C,C,C,C,C,C,C,C,C,C,C,C,C,C,C,C,C,L,L,L,L,L,L,L,L,L,L,L,L,-,C,C,C,C,C,C,C,C,C,C,C,C,C,C,C,C,C,C,L,L,C,C,C,C,C,C,C,C,C,C,C,C,-,C,C,C,C,C,C,C,C,C,C,C,C,C,C,C,C,C,C,C,C,C,C,C,C,C,C,C,C,C,-,C,C,C
21,L,L,L,L,L,L,L,L,C,C,C,C,L,L,L,L,L,L,L,L,C,C,C,C,C,C,L,L,L,L,L,L,L,L,L,L,L,L,L,L,L,L,L,L,L,L,L,L,L,L,L,L,L,L,L,L,L,L,L,L,L,L,L,L,L,L,L,L,L,L,L,L,L,L,L,L,L,L,L,L,L,L,L,L,L,L,C,C,L,L,L,L,L,L,L,L,L,L,L,L,L,L,L,L,L,L,L,L,L,L,L,L,L,L,L,L,L,L,L,L,L,L,L,L,L,L,L,L,L,L,L,L,C,C,C,C,C,C,C,C,C,C,C,C,C,C,C,C,C,C,C,C,C,C,C,C,C,C,C,-,C,C,C,C,C,L,L,L,L,L,L,L,L,L,L,L,L,-,L,L,L,L,L,L,L,L,L,L,L,C,C,C,C,C,C,C,C,C,C,C,C,C,C,C,C,C,C,C,C,C,C,C,C,C,C,C,C,C,C,C,C,L,L,L,L,L,L,L,L,L,L,L,L,L
22,C,C,C,C,C,C,C,C,C,C,C,C,C,C,C,C,C,L,L,L,L,C,C,C,C,C,L,L,L,L,L,L,L,L,L,L,L,L,L,L,L,L,L,L,L,L,L,L,L,L,L,L,L,L,L,L,L,L,L,L,L,L,L,L,L,L,L,L,L,L,L,L,L,L,L,L,L,L,L,L,L,L,L,L,L,L,L,L,L,L,L,L,-,C,C,C,C,C,C,C,C,C,C,C,C,C,C,C,C,C,C,C,C,C,C,C,C,C,C,C,C,C,C,C,C,C,C,C,C,C,C,C,C,C,C,C,C,C,C,C,C,C,C,C,C,C,-,-,L,L,L,L,L,L,L,L,L,L,L,L,L,L,C,C,C,C,C,L,L,L,L,L,L,L,L,L,L,L,L,L,C,C,C,C,C,C,C,C,L,L,L,L,L,L,L,L,L,L,L,L,L,L,L,L,L,L,L,L,L,L,L,L,L,L,L,L,L,C,C,C,C,C,C,C,C,C,C,C,C,C,C,C,C,C
23,L,L,L,L,L,C,C,-,-,L,L,L,L,L,L,L,L,L,L,L,L,L,L,C,C,C,C,C,C,C,C,C,C,C,C,C,C,C,C,C,C,C,C,C,C,C,C,C,C,C,C,C,C,C,C,C,C,C,C,C,C,C,C,C,C,C,C,C,C,C,C,C,C,C,C,C,C,C,C,C,C,C,C,C,C,C,C,C,C,C,C,C,C,C,C,C,C,C,C,C,C,C,C,C,C,C,C,C,C,C,C,C,C,C,C,C,C,C,L,L,L,L,L,L,L,L,L,L,L,L,L,L,L,L,L,L,L,L,L,L,L,L,L,L,L,L,C,C,C,L,L,L,L,L,L,L,L,L,L,L,L,L,C,C,C,C,C,C,C,C,C,C,C,C,C,C,C,-,C,C,C,C,C,C,C,C,C,C,C,C,C,C,C,C,C,C,C,C,C,C,C,C,C,C,C,C,C,C,C,C,C,C,C,C,C,C,C,C,C,C,C,C,L,L,L,L,L,L,L,L,L,L,L,L
24,C,C,C,C,C,C,C,C,C,C,C,L,L,L,L,L,L,L,L,L,L,L,L,L,L,L,C,C,C,C,C,C,C,C,C,C,C,C,C,C,C,C,C,C,C,C,C,C,C,C,C,C,C,C,C,C,C,C,C,C,C,C,C,C,L,L,L,L,C,C,C,C,C,C,C,C,C,C,C,C,C,C,C,C,C,C,C,C,C,C,C,C,C,C,C,C,C,C,C,C,C,C,C,C,C,C,C,C,C,C,C,C,C,C,C,C,C,C,C,C,C,C,C,C,C,C,C,C,C,C,C,C,C,C,C,C,C,C,C,C,C,C,C,C,C,C,C,C,C,C,C,C,C,C,C,C,C,C,C,L,L,L,L,L,L,L,L,L,-,L,L,L,L,L,L,L,L,L,L,L,L,L,L,L,L,L,L,L,L,L,L,L,L,L,L,L,L,L,L,L,L,C,C,C,C,C,C,C,C,C,C,C,C,C,C,C,C,C,C,C,C,C,C,C,C,C,C,C,C,C,C,C,C,C
25,L,C,C,C,C,C,C,C,C,C,C,C,-,C,C,C,C,C,C,C,C,C,-,C,C,C,C,L,L,L,L,L,L,L,L,L,L,L,L,L,L,L,L,L,L,L,L,L,L,L,L,L,L,L,L,L,C,C,C,C,C,C,C,C,C,-,C,C,C,C,C,C,C,C,C,C,C,C,C,C,C,C,C,C,L,L,L,L,L,L,L,L,L,L,L,L,L,L,L,L,L,L,L,L,L,L,L,L,L,L,-,L,L,L,L,L,L,L,L,L,L,L,L,L,L,L,L,L,C,C,C,C,L,L,L,L,L,L,L,L,L,L,L,L,L,L,L,L,L,L,L,L,L,L,L,L,L,L,L,L,L,L,L,L,L,L,L,C,C,C,C,C,C,C,C,C,C,C,C,C,C,C,C,L,L,L,-,L,L,L,L,L,L,L,L,L,L,L,L,L,L,L,L,L,L,L,L,L,L,L,L,L,L,L,L,L,L,L,L,L,L,L,L,L,C,C,C,C,C,C,C,C,C,C
26,C,-,C,C,C,C,C,C,L,L,L,L,L,C,C,C,C,C,C,C,C,C,C,C,L,L,L,L,L,L,L,L,L,L,L,L,L,L,L,L,L,L,L,L,L,L,L,L,L,L,L,L,L,L,L,L,L,L,L,L,L,L,L,L,L,L,L,L,C,C,C,C,C,C,C,C,C,C,C,L,L,L,L,L,L,L,L,L,L,L,L,L,L,L,L,L,L,L,L,L,L,L,L,L,L,L,L,L,L,L,L,L,L,L,L,L,L,L,L,L,L,L,L,L,L,L,L,L,L,L,L,L,C,C,-,L,L,L,L,L,L,L,L,L,L,L,L,L,L,L,L,L,L,L,C,C,C,C,C,C,C,L,L,L,L,-,L,C,C,C,C,C,C,C,C,C,C,C,C,C,C,C,C,C,C,C,C,C,C,L,L,L,L,L,L,L,L,L,L,L,L,C,C,C,C,C,C,C,C,C,C,C,C,C,C,C,C,C,C,C,C,C,C,C,L,L,L,L,L,L,L,L,L,L
27,C,C,C,C,C,C,C,C,C,C,C,C,C,C,C,L,L,L,L,L,L,L,C,C,C,C,C,C,C,L,L,L,L,L,L,L,L,L,L,L,L,L,L,L,L,L,L,L,L,L,L,L,L,L,L,L,L,L,L,L,L,L,L,L,L,L,L,L,L,L,L,L,L,L,L,L,L,L,L,L,L,L,L,L,L,L,L,L,L,L,L,L,L,L,L,L,L,L,L,L,L,L,L,L,L,L,L,L,L,L,L,L,L,L,L,L,L,L,C,C,C,C,C,C,C,C,C,C,C,C,C,C,C,L,L,L,L,L,L,L,L,L,L,L,L,L,C,C,C,C,C,C,C,C,C,C,C,C,C,C,C,C,C,C,C,C,C,C,C,C,C,C,C,C,C,C,C,C,C,C,L,L,L,L,L,L,L,L,L,L,L,L,L,L,L,L,L,L,L,L,L,L,L,L,L,L,L,L,L,L,L,L,L,L,L,L,L,L,L,L,C,C,-,C,C,C,C,C,C,C,C,C,C,C
28,C,-,L,L,-,-,L,L,L,L,L,L,L,L,L,L,L,L,L,L,L,C,C,C,C,C,L,C,C,C,C,C,C,C,C,C,C,C,C,C,C,C,C,C,C,C,C,L,L,L,L,L,L,L,L,L,L,L,L,L,L,L,L,L,L,L,L,L,C,C,C,C,C,C,L,L,L,L,L,L,L,L,L,L,L,L,L,L,L,L,L,L,L,L,L,L,L,L,L,L,L,L,L,L,L,L,L,L,L,L,L,L,L,L,L,L,L,L,C,C,C,C,C,C,C,C,C,C,C,C,C,C,C,C,C,C,C,C,C,C,C,C,C,C,C,C,C,C,C,C,C,C,C,C,C,C,C,C,C,C,C,C,C,C,L,L,L,L,C,C,C,C,C,C,C,C,C,C,C,C,C,C,C,C,C,C,C,C,C,C,C,C,C,C,C,C,C,C,C,C,C,C,C,C,C,C,C,C,C,C,C,C,C,C,C,C,C,C,C,C,C,C,-,C,C,C,C,C,C,C,C,C,C,C
29,C,C,C,C,C,C,L,L,L,L,C,C,C,C,C,C,C,C,C,C,C,C,L,L,L,L,L,L,L,L,L,L,L,L,L,L,L,L,L,L,L,L,L,L,L,L,L,L,L,L,L,L,L,L,L,L,L,L,L,L,C,C,C,C,C,C,C,C,C,C,C,C,C,C,C,C,C,C,C,C,C,C,C,C,C,C,C,C,C,C,C,C,C,C,C,C,C,C,C,C,C,C,C,-,C,C,C,C,C,C,C,C,C,C,C,C,C,C,C,C,C,C,C,C,C,C,C,C,C,C,C,C,L,L,L,L,L,L,L,L,L,L,L,L,L,L,L,L,L,L,L,L,L,L,L,L,L,L,L,L,L,L,L,L,L,L,L,L,L,L,L,L,L,L,L,L,L,L,L,L,L,L,L,L,L,C,C,C,C,C,C,C,C,C,C,C,C,C,C,C,C,C,C,C,C,C,C,C,C,C,C,C,C,C,C,C,C,C,C,C,C,C,-,C,C,L,L,L,L,L,L,L,L,L
30,L,L,C,C,C,C,L,L,L,L,L,L,L,L,L,L,C,C,C,C,C,C,C,C,C,C,C,C,C,C,C,C,C,C,C,C,C,C,C,C,C,C,C,C,C,C,C,C,C,C,C,C,C,C,C,C,C,C,C,C,C,C,C,C,C,C,C,C,L,L,L,L,L,L,L,L,L,L,L,L,L,L,L,L,L,L,L,L,L,L,L,L,L,L,L,L,L,L,L,L,L,L,L,L,L,C,C,C,C,C,C,C,C,C,C,C,C,C,C,-,C,C,C,C,C,C,C,C,C,C,C,C,C,C,C,C,C,C,C,C,C,C,C,C,C,C,C,C,C,C,C,C,C,C,C,C,C,L,L,L,L,L,L,L,L,L,L,C,C,C,C,C,C,C,C,C,C,C,C,C,C,C,C,C,C,C,C,C,C,C,C,C,C,C,C,C,C,C,C,C,C,C,C,C,C,C,C,C,C,C,C,C,C,C,C,C,C,C,C,C,C,C,C,C,C,C,C,C,C,C,C,C,C,C
31,L,L,C,C,C,C,C,C,L,L,L,L,L,L,L,L,L,L,L,L,L,L,L,L,L,L,C,C,C,C,C,C,C,C,C,C,C,C,C,C,C,C,C,C,C,L,L,L,L,L,L,L,L,L,L,L,L,L,L,L,L,L,L,L,L,L,L,L,L,L,L,L,L,C,C,C,C,C,C,C,C,C,C,C,L,L,L,L,L,L,L,L,L,L,L,L,L,L,L,L,L,L,L,L,L,L,L,L,L,L,L,L,L,L,L,L,L,L,L,L,L,L,L,L,L,L,L,L,L,L,L,L,C,C,C,C,C,C,C,C,C,C,C,C,C,C,C,C,C,C,C,C,C,C,-,C,C,C,C,C,C,L,L,L,L,L,L,L,L,L,L,L,L,L,L,L,C,C,C,C,C,C,C,C,C,C,C,C,C,C,C,C,C,C,C,C,C,C,C,C,C,C,C,C,C,C,C,C,C,C,C,C,C,C,C,C,C,C,C,C,C,C,-,C,C,C,C,C,C,C,C,C,C,C
32,C,C,C,C,C,C,C,C,C,C,C,C,C,-,L,C,L,L,L,L,C,C,C,C,C,C,C,C,C,L,L,L,L,L,L,L,L,L,L,L,L,L,L,L,L,L,L,L,L,L,L,L,C,C,C,C,C,C,C,C,C,C,C,L,L,L,L,L,C,C,C,C,C,C,C,C,C,C,C,C,C,C,C,C,C,C,C,C,C,C,C,C,C,C,C,C,C,C,C,C,C,C,C,C,C,C,C,C,C,C,C,C,C,C,C,C,C,C,L,L,L,C,C,C,C,C,C,C,C,C,C,C,L,L,L,L,L,L,L,L,L,L,L,L,L,L,L,L,L,L,L,L,L,L,L,L,L,L,L,L,L,L,L,L,L,L,L,C,C,C,C,L,L,L,L,L,L,L,L,L,L,L,L,L,L,L,-,L,L,L,L,L,L,L,L,L,L,L,L,L,L,L,L,L,L,L,L,L,L,L,L,L,L,L,L,L,L,L,L,L,L,L,L,L,L,L,C,C,C,C,C,C,C,C
33,L,L,L,L,L,L,L,L,C,C,L,L,L,L,L,L,L,L,L,L,L,L,L,L,L,L,L,L,L,L,L,L,L,L,L,L,L,L,L,L,L,L,L,L,L,L,L,L,L,L,L,L,L,L,L,L,L,L,C,C,C,C,C,C,C,L,L,L,L,L,L,L,L,L,L,L,L,L,L,L,L,L,L,L,L,L,L,L,L,L,L,L,L,L,L,L,L,L,L,L,L,L,L,L,L,L,L,L,L,L,L,L,L,L,L,L,L,L,L,L,L,L,L,L,L,L,L,L,L,L,L,L,C,C,C,C,C,C,C,C,C,C,C,C,C,C,C,C,C,C,C,C,C,C,C,C,C,C,C,C,C,C,C,C,C,C,C,L,L,L,L,L,L,L,L,L,L,L,L,L,L,L,L,L,L,L,L,L,L,L,L,L,L,L,L,L,L,L,L,L,L,L,L,L,L,L,L,L,L,L,L,L,L,L,L,L,L,L,L,L,L,L,L,L,L,L,L,L,L,L,L,C,C,C
34,C,C,C,C,C,C,-,-,L,L,L,C,C,C,C,C,C,C,C,C,C,C,C,C,C,C,C,C,C,C,C,C,C,C,C,C,C,C,C,C,C,C,C,C,C,C,C,C,C,C,L,-,L,L,L,L,L,L,L,L,L,L,-,-,-,-,-,-,C,C,L,L,L,L,L,L,L,L,L,L,L,L,L,L,L,L,C,C,C,C,C,C,C,C,L,L,L,L,L,L,L,L,L,L,L,L,L,L,L,L,L,L,L,L,L,L,L,L,L,L,L,L,L,L,L,L,L,L,L,L,L,L,C,C,C,C,C,C,C,C,C,C,C,C,C,C,C,C,L,L,L,L,L,L,L,L,L,L,L,L,L,L,L,L,L,L,L,L,L,L,L,L,L,L,L,L,L,L,L,L,L,L,L,L,L,L,L,L,L,L,L,L,L,L,L,L,L,L,L,L,L,L,L,L,L,L,L,L,L,L,L,L,L,L,L,L,L,L,L,L,L,L,L,L,L,L,L,L,L,L,L,L,L,L
35,C,C,C,C,C,C,C,C,C,C,C,C,C,C,C,C,C,L,L,L,L,L,L,L,L,L,C,C,C,C,C,C,C,C,C,C,C,C,C,C,C,C,C,C,C,C,C,L,L,L,L,L,L,L,L,L,L,L,L,L,L,L,L,L,L,L,L,L,C,C,C,C,C,C,C,C,C,C,C,C,C,C,L,L,L,L,L,L,L,L,L,L,L,L,L,L,L,L,L,L,L,L,L,L,L,L,L,L,L,L,L,L,L,L,L,L,L,L,L,L,L,C,C,C,C,C,C,C,C,C,C,C,L,L,L,L,L,L,L,L,L,L,L,L,L,L,L,L,C,C,C,C,C,C,C,C,C,C,C,L,L,L,L,L,L,L,L,L,L,L,L,L,L,L,L,L,L,L,L,L,L,L,L,L,L,L,L,L,C,C,C,C,C,C,C,C,C,C,C,C,C,C,C,C,C,C,C,C,C,C,C,C,C,C,C,C,C,C,C,L,L,L,L,L,L,L,L,L,L,L,-,L,L,L
36,C,L,L,L,L,L,L,L,L,L,L,L,C,C,C,C,C,C,C,C,C,C,C,C,L,L,L,L,L,L,L,L,L,L,L,L,L,L,L,L,L,L,L,L,L,L,L,L,L,L,L,L,L,L,L,C,C,C,C,C,L,L,L,L,L,L,C,C,L,L,L,L,L,L,L,L,L,L,L,L,L,L,L,L,L,L,L,L,L,L,L,L,L,L,L,L,L,L,L,L,L,L,L,L,L,L,L,L,L,L,L,L,L,L,L,L,L,L,L,L,L,L,L,L,L,L,L,L,L,L,L,L,L,C,C,C,C,C,C,C,C,C,C,C,C,C,C,C,C,C,C,C,C,C,C,C,C,C,C,C,C,C,C,C,C,C,C,C,C,C,C,C,C,C,C,C,C,C,C,C,L,L,L,L,L,L,L,L,L,L,L,C,C,C,C,C,C,C,C,C,C,C,C,C,L,L,L,L,L,C,C,C,C,C,C,C,C,C,C,C,C,C,C,C,C,C,C,C,C,C,C,C,C,C
37,C,L,L,L,L,L,L,L,L,L,L,L,L,L,L,L,L,L,C,C,C,C,C,C,C,C,L,L,L,L,L,L,L,L,L,L,L,L,L,L,L,L,L,L,L,L,L,C,C,C,C,C,C,C,C,C,C,C,C,C,L,L,L,L,L,L,L,L,C,C,C,C,C,C,C,C,C,C,C,C,C,C,L,L,L,L,L,L,L,L,L,L,L,L,L,L,L,L,L,L,L,L,L,L,L,L,L,L,L,L,L,L,C,C,C,C,C,C,C,C,C,C,C,C,C,C,C,C,C,C,C,C,L,L,L,L,L,L,L,L,L,L,L,L,L,L,L,L,L,L,L,L,L,L,L,L,L,L,L,L,L,L,L,L,L,L,L,C,L,L,L,L,L,L,C,C,C,C,C,C,C,C,C,C,C,C,C,C,C,C,C,C,C,C,C,C,C,C,C,C,C,C,C,C,C,C,C,C,-,-,-,-,-,C,C,C,C,C,C,C,C,C,-,-,-,-,C,C,C,C,C,C,C,C
38,L,L,L,L,L,L,L,L,L,L,L,L,L,L,L,L,L,L,L,L,L,L,L,L,L,L,C,C,C,C,C,C,C,C,C,C,C,C,C,C,C,C,C,C,C,C,C,C,C,C,C,C,C,C,C,C,C,C,C,C,C,C,C,C,C,C,L,L,L,L,L,L,L,L,L,L,L,L,L,L,L,L,L,L,L,L,C,C,C,C,C,C,C,C,C,C,C,C,C,C,C,C,C,C,C,C,C,L,L,L,L,L,L,L,L,C,C,C,C,C,C,C,C,C,C,C,C,C,C,C,C,C,L,L,L,L,L,L,L,L,L,L,L,L,L,L,L,L,L,L,L,L,L,L,L,L,L,L,L,L,C,C,L,L,L,L,L,L,L,L,L,L,L,L,L,L,L,L,L,L,L,L,L,L,L,L,L,L,L,L,L,L,L,L,L,L,L,L,L,L,L,L,L,L,L,L,L,L,L,L,L,L,L,L,L,L,L,L,L,L,L,L,L,L,L,L,L,L,L,L,L,L,L,L
39,L,L,L,L,L,L,L,L,C,C,C,C,-,C,C,C,L,L,L,L,L,C,C,C,C,C,L,L,L,L,L,L,L,L,L,L,L,L,L,L,L,L,L,-,L,L,L,L,L,L,L,L,L,L,L,L,L,-,L,L,L,L,L,L,L,L,L,L,L,L,L,L,L,L,L,L,L,L,L,L,L,L,L,L,C,C,L,L,L,L,L,L,L,L,L,L,L,L,L,L,L,L,L,L,L,L,L,L,L,L,L,L,L,L,L,L,L,L,C,-,C,C,C,C,C,C,C,C,C,C,C,C,L,L,L,L,L,L,L,L,L,L,L,L,L,L,L,L,L,C,C,C,C,C,C,C,C,C,C,C,C,C,C,C,C,C,C,L,L,L,L,-,L,L,L,L,L,L,L,L,L,L,L,C,C,C,C,C,C,L,L,L,L,L,L,L,L,L,L,L,L,L,L,L,L,L,L,L,L,L,L,L,L,L,L,L,L,L,L,L,L,L,L,L,L,L,L,L,L,L,-,L,L,L
40,C,C,C,C,C,C,C,C,L,L,L,L,L,L,L,L,L,L,L,C,C,C,C,C,L,L,L,L,C,C,C,C,C,C,C,C,C,C,C,C,C,C,C,C,C,C,C,C,C,C,C,C,C,C,C,C,C,C,C,C,C,C,C,C,C,C,C,C,L,L,L,L,L,L,L,L,L,L,L,L,L,L,L,L,C,C,C,C,C,C,C,C,C,C,C,C,C,C,C,C,C,C,C,C,C,C,C,C,C,C,C,C,C,C,C,C,C,C,C,C,C,C,C,C,C,C,C,L,L,L,L,L,L,L,L,L,L,L,L,L,L,L,L,L,L,L,L,L,L,L,L,L,L,L,L,L,L,L,L,C,C,C,C,C,C,C,C,L,L,L,L,L,L,L,L,L,L,L,L,L,L,L,L,L,L,L,L,L,L,L,L,L,L,L,L,L,L,L,L,L,L,L,L,L,L,L,L,L,L,C,C,C,C,C,C,C,C,C,C,C,C,C,C,C,C,C,C,C,C,C,C,C,C,C
41,C,C,C,C,C,C,C,C,L,L,L,L,L,L,-,L,L,L,L,L,L,L,L,L,L,L,C,C,C,C,C,C,C,C,C,C,C,C,C,C,C,C,C,C,C,C,C,C,C,C,C,C,C,C,C,L,L,L,L,L,L,L,L,L,L,L,L,L,L,L,L,L,L,L,L,L,L,L,L,L,L,L,L,L,L,L,L,L,L,L,L,L,L,L,L,L,L,L,L,L,L,L,L,L,L,L,L,L,L,L,L,L,L,L,L,C,C,C,C,C,C,C,C,C,C,C,C,C,C,C,C,C,L,L,L,L,L,L,L,L,L,L,L,L,L,L,L,L,L,L,C,C,C,C,C,C,C,C,C,C,C,C,C,C,C,C,C,C,C,C,C,L,L,L,L,C,C,C,L,L,L,L,L,L,L,L,L,L,L,L,L,L,L,L,L,L,L,L,L,L,L,L,L,L,L,L,L,L,L,L,L,L,L,L,L,L,L,L,L,L,L,L,L,L,L,L,L,L,L,L,L,L,L,L
42,L,L,L,C,C,C,C,C,C,C,C,C,C,C,C,C,C,C,C,C,C,C,C,C,C,C,C,C,C,C,C,C,C,C,C,C,C,C,C,C,C,C,C,C,C,C,C,C,C,C,C,C,C,C,C,C,C,C,C,C,L,L,L,L,L,L,L,L,C,C,C,C,C,C,C,C,C,C,C,C,C,C,C,C,C,C,C,C,C,C,C,C,L,L,L,L,L,L,L,L,L,L,L,L,L,L,L,L,L,L,L,L,L,L,L,L,L,L,L,L,L,L,L,L,L,L,L,L,L,L,L,L,L,L,L,L,L,L,L,L,L,L,L,L,L,L,L,L,L,L,L,L,L,L,L,L,L,L,L,L,L,L,L,L,L,L,L,C,C,C,C,C,C,C,C,C,C,C,C,C,L,L,L,L,L,L,C,C,C,C,C,C,C,C,C,C,C,C,C,C,C,C,C,C,C,C,C,C,C,C,C,C,C,C,C,C,C,C,C,C,C,C,C,C,C,C,C,C,C,C,C,C,C,C
43,C,C,C,C,C,-,-,-,-,-,C,C,C,C,L,L,L,L,L,L,L,L,L,L,-,L,L,L,-,L,L,L,L,L,L,L,L,L,L,L,L,L,C,C,C,C,C,C,C,C,C,C,C,C,C,C,C,C,C,C,L,L,L,L,L,L,L,L,C,C,C,C,C,C,C,C,C,C,C,C,C,C,L,L,L,L,L,L,L,L,L,L,L,L,L,L,L,L,L,L,L,L,L,L,L,L,L,L,L,L,L,L,C,C,C,C,C,C,C,C,C,C,C,C,L,L,L,L,L,L,C,C,L,L,L,L,L,L,L,L,L,L,L,L,L,L,L,L,L,L,L,L,L,L,C,C,C,C,C,C,C,C,C,C,C,C,C,L,C,C,C,L,L,L,L,L,L,L,C,C,C,C,C,C,C,C,C,C,C,C,C,C,C,-,C,C,C,C,C,C,C,C,C,C,L,L,L,L,L,L,L,L,L,L,L,L,L,L,L,L,L,L,L,L,L,L,L,L,L,L,L,L,L,L
44,L,L,L,L,L,L,L,L,L,L,L,L,L,L,L,L,L,L,L,L,C,C,C,C,C,C,C,C,C,C,C,C,C,C,C,C,C,C,C,C,C,C,C,C,C,C,C,C,C,C,C,C,C,C,C,C,C,C,C,C,C,C,C,C,C,C,C,C,L,L,C,C,C,C,C,C,C,C,C,C,C,C,C,C,C,L,L,L,L,L,L,L,L,L,L,L,L,L,L,L,L,L,L,L,L,L,L,L,L,L,L,L,L,L,L,L,L,L,L,L,L,L,L,L,L,L,L,L,L,L,L,L,C,C,C,C,C,C,C,C,C,C,C,C,C,C,C,C,C,C,C,C,C,C,C,C,C,C,C,C,C,C,C,C,C,C,C,L,L,L,L,L,L,L,L,L,L,L,L,L,L,L,L,L,L,L,L,L,L,L,L,L,L,L,L,L,L,L,L,L,L,L,L,L,L,L,L,L,L,L,L,L,L,L,L,L,L,L,L,L,L,L,L,L,L,L,L,L,L,L,L,L,L,L
45,L,L,L,L,L,L,L,L,L,L,L,L,C,C,C,C,C,C,C,C,C,C,C,C,L,C,L,L,L,L,L,L,L,L,L,L,L,L,L,L,L,L,L,L,L,L,L,L,L,L,L,L,L,L,L,L,L,L,L,L,L,L,L,L,L,L,L,L,C,C,L,L,L,L,L,L,L,L,L,L,L,L,L,L,L,L,L,L,L,L,L,L,L,L,L,L,L,L,L,L,L,L,L,L,L,L,L,L,L,L,L,L,L,L,L,L,L,L,L,L,L,L,L,L,L,L,L,L,L,L,L,L,L,L,L,L,L,L,L,L,L,L,L,L,L,L,L,L,L,L,L,L,L,L,L,L,L,L,L,L,L,L,L,L,L,L,L,C,C,C,C,C,C,C,C,C,C,C,C,C,C,C,C,C,C,C,C,C,C,C,C,C,C,C,C,C,C,C,C,C,C,C,C,C,C,C,C,C,C,C,C,C,C,C,C,C,C,C,C,C,C,C,C,C,C,C,C,C,C,C,-,C,C,C
46,L,L,L,L,L,L,L,L,L,L,L,L,L,L,L,L,L,L,L,L,L,C,C,C,C,C,C,C,C,C,C,C,C,C,C,C,C,C,C,C,C,C,C,C,C,C,C,C,C,C,C,C,C,C,C,C,C,C,C,C,C,C,C,C,C,C,C,C,L,L,L,L,L,L,L,L,L,L,L,L,L,L,L,L,L,L,L,L,L,L,L,L,L,L,L,L,L,L,L,L,L,L,L,L,L,L,L,L,L,L,L,L,L,L,L,L,L,L,L,L,L,L,L,L,L,C,C,C,C,C,C,C,C,C,C,C,C,C,C,C,C,C,C,C,C,C,C,C,C,C,C,C,C,C,C,C,C,L,L,L,L,L,L,L,L,L,L,L,L,L,L,L,L,L,L,C,C,C,C,C,C,C,C,L,L,L,L,L,L,L,L,L,L,L,L,L,L,L,L,L,L,L,L,L,L,L,L,L,L,L,L,L,L,L,L,L,L,L,L,L,L,C,C,C,C,C,C,C,C,C,C,L,L,L
47,C,C,C,C,C,C,C,C,L,L,L,L,L,L,L,L,L,L,L,L,C,C,C,C,C,C,L,L,L,L,L,L,L,L,L,L,L,L,L,L,L,L,C,C,C,C,C,C,C,C,C,C,C,C,C,C,C,C,C,C,C,C,C,C,C,C,L,L,L,L,L,L,L,L,L,L,L,L,L,C,C,C,C,C,C,C,C,C,C,C,C,C,L,L,L,L,L,L,L,L,L,L,L,L,L,L,L,L,L,L,L,L,L,L,L,L,L,L,L,L,L,L,L,L,L,L,L,C,C,C,C,C,C,C,C,C,C,C,C,C,C,C,C,C,C,C,C,C,C,C,L,L,L,L,L,L,L,L,L,L,L,L,L,L,L,L,L,L,L,L,L,L,L,L,L,L,L,L,L,L,L,L,L,L,L,L,L,L,L,L,L,L,L,L,L,L,L,L,L,L,L,L,L,L,L,L,L,L,L,L,L,L,L,L,L,L,L,L,L,L,L,L,L,L,L,L,L,L,L,L,L,L,L,L
48,L,L,L,L,L,L,L,L,L,L,L,L,L,L,L,L,L,L,L,L,L,C,C,C,L,L,C,C,C,C,C,C,C,C,C,C,C,C,C,C,C,C,C,C,C,C,C,C,C,C,C,C,C,C,C,C,C,C,C,C,C,C,C,C,C,C,C,C,C,L,L,L,L,L,L,L,L,L,L,L,L,L,L,L,L,L,L,L,L,L,L,L,L,L,L,L,L,L,L,L,L,L,L,L,L,L,L,L,L,L,L,L,L,L,L,L,L,L,L,L,L,L,L,L,L,L,L,L,L,L,L,L,C,C,C,C,C,C,C,C,C,C,C,C,C,C,C,C,C,C,C,C,C,C,L,L,L,L,L,L,L,L,L,L,L,L,L,C,C,C,C,C,C,C,C,C,C,C,C,C,C,C,C,C,C,C,C,C,C,C,C,C,C,C,C,C,C,C,C,C,C,C,C,C,C,C,C,C,C,C,C,C,C,C,C,C,C,C,C,C,C,C,C,C,C,C,C,C,C,C,-,C,C,C
49,C,C,C,C,C,C,C,C,C,C,L,L,L,L,L,L,L,C,C,C,C,C,C,C,C,C,C,C,C,C,C,-,C,C,C,L,L,L,L,L,L,L,L,L,L,L,L,L,L,L,L,L,L,C,C,C,C,C,C,C,C,C,C,C,C,C,C,C,C,C,C,C,C,C,L,L,L,L,L,L,L,L,L,L,L,L,L,L,L,L,L,L,L,L,L,L,L,L,L,L,L,L,L,L,L,L,L,L,L,L,L,L,L,L,L,L,L,L,L,L,L,L,L,L,L,L,L,L,L,L,L,L,C,C,C,C,C,C,C,C,C,C,C,C,C,C,C,C,C,C,C,C,C,C,L,L,L,L,L,L,L,L,L,L,L,L,L,L,L,L,L,L,L,L,L,L,L,L,L,L,L,L,L,L,L,L,L,L,L,L,L,L,L,L,L,L,L,L,L,L,L,L,C,C,C,C,C,C,C,C,C,C,C,C,C,C,C,C,C,C,C,C,C,C,L,L,L,L,L,L,L,L,L,L
50,C,C,C,C,C,L,L,L,L,L,L,L,L,L,L,L,L,L,L,L,L,L,C,C,C,C,L,L,L,L,L,L,L,L,L,L,L,L,L,L,L,L,L,L,L,L,L,L,L,L,L,L,L,L,L,L,L,L,L,L,L,L,L,L,L,L,L,L,L,L,L,L,L,L,L,L,L,L,L,L,L,L,L,L,L,L,L,L,L,L,L,L,L,L,L,L,L,L,L,L,L,L,L,L,L,L,L,L,L,L,L,L,L,L,L,L,L,L,C,C,C,C,C,C,C,C,C,C,C,C,C,C,C,C,C,C,C,C,C,C,C,C,C,C,C,C,C,C,C,C,C,C,C,C,C,C,C,C,C,C,L,L,L,L,L,L,C,C,C,C,C,C,C,C,C,C,C,C,C,C,C,C,C,C,C,C,C,C,C,C,C,C,C,C,C,C,C,C,C,C,C,C,C,C,C,C,L,L,L,L,L,L,L,L,L,L,L,L,L,L,L,L,L,L,L,L,C,C,C,C,C,C,C,C
51,C,C,C,C,C,C,C,C,C,C,C,C,C,C,L,L,L,L,L,L,L,L,C,C,L,L,L,L,L,L,L,L,L,L,L,L,L,L,L,L,L,L,L,L,L,L,L,L,L,L,L,L,L,L,L,L,L,L,L,L,L,L,L,L,L,L,L,L,L,L,L,L,L,L,L,L,L,L,L,L,L,L,L,L,C,C,C,C,C,C,C,C,C,C,C,C,C,C,C,C,C,C,C,C,C,C,C,C,C,L,L,L,L,L,L,L,L,L,C,C,C,C,C,C,C,C,C,C,C,C,C,C,C,L,L,L,L,L,L,L,L,C,C,C,C,C,C,C,C,C,C,C,C,C,C,C,C,C,C,C,C,C,C,C,C,C,C,L,L,L,L,L,L,L,L,L,L,L,L,L,L,L,L,L,L,L,L,L,L,L,L,L,L,L,L,L,L,L,L,L,L,L,L,L,L,L,L,L,C,C,C,C,C,C,C,C,C,C,C,C,C,C,C,C,C,C,C,C,C,C,C,C,C,C
52,C,C,-,C,C,C,C,C,C,C,C,C,C,C,C,L,L,L,L,L,L,L,L,L,L,L,L,C,C,C,C,C,C,C,C,C,C,C,C,C,C,C,C,C,C,C,C,C,C,C,C,C,C,C,C,C,C,C,C,C,C,C,C,C,C,C,C,C,L,L,L,L,L,L,C,C,C,C,C,C,C,C,C,C,C,C,C,C,C,C,C,C,C,C,C,C,C,C,C,C,C,C,C,C,C,C,C,C,C,C,C,C,C,C,C,C,C,C,L,L,L,L,L,L,L,L,L,L,L,L,L,L,C,C,L,L,L,L,L,L,L,L,L,L,L,L,L,L,L,L,L,L,L,L,C,C,C,C,C,C,C,C,C,C,L,L,L,L,L,L,L,L,L,L,L,L,L,L,L,L,L,L,L,L,L,L,L,L,L,L,L,L,L,L,L,L,L,L,L,L,L,L,L,L,L,L,L,L,L,L,L,L,L,L,L,L,L,L,L,L,L,L,L,L,L,L,C,C,C,C,C,C,C,C
53,L,L,L,L,L,L,L,L,L,L,L,L,L,L,L,L,L,C,C,C,C,C,C,L,L,L,L,C,C,C,C,C,C,C,C,C,C,C,C,C,C,C,C,C,C,C,C,C,C,C,C,C,C,C,C,C,C,C,C,C,C,C,C,C,C,C,C,C,L,L,L,L,L,L,L,L,L,L,L,L,L,L,L,L,L,C,C,C,C,C,C,C,C,C,C,C,C,C,C,C,C,C,C,C,C,C,C,C,C,C,C,C,C,C,C,C,C,C,C,C,C,C,C,C,C,C,C,C,C,C,C,C,L,C,C,C,C,C,C,C,C,C,C,C,C,C,C,C,C,C,C,C,C,C,C,C,C,C,C,C,C,C,L,L,L,L,L,C,C,L,L,L,L,L,L,L,L,L,L,L,L,L,L,L,C,C,C,C,C,C,C,C,C,C,C,C,C,C,C,C,C,C,C,C,C,C,L,L,L,L,L,L,L,L,L,L,L,L,L,L,L,L,C,C,C,C,C,C,C,C,C,C,C,C
54,L,L,L,L,L,L,L,L,L,L,L,L,L,L,L,L,L,L,L,L,L,L,L,L,L,L,L,L,C,C,C,C,C,C,C,C,C,C,C,C,C,C,C,C,C,C,C,L,L,L,L,L,L,L,L,L,L,L,L,L,L,L,L,L,L,L,L,L,L,L,L,L,L,L,L,L,L,L,L,L,L,L,L,L,L,C,C,C,C,C,C,C,C,C,C,C,C,C,C,C,C,C,C,C,C,C,C,C,C,C,C,C,C,C,C,C,C,C,L,L,L,L,L,L,L,L,L,L,L,L,L,L,C,C,C,C,C,C,C,C,C,C,C,C,C,C,C,C,C,C,C,C,C,C,C,C,L,L,L,L,L,L,L,L,L,L,L,L,L,L,L,L,L,L,L,L,L,L,C,C,C,C,C,C,C,L,L,L,L,L,L,L,L,L,L,L,L,L,L,L,L,L,L,L,L,L,L,L,L,C,C,C,C,C,C,C,C,C,C,C,C,C,C,C,C,C,C,C,C,C,C,C,C,C
55,L,L,L,L,L,L,L,L,L,L,L,L,L,L,L,L,L,L,L,L,L,L,L,C,C,C,L,C,C,C,C,C,C,C,C,C,C,C,C,C,C,C,C,C,C,C,C,C,C,C,C,C,C,L,L,L,L,L,L,L,L,L,L,L,C,C,C,C,L,L,L,L,L,L,L,L,L,L,L,L,L,L,L,L,L,L,L,L,L,L,L,C,C,C,C,C,C,C,C,C,C,C,C,C,C,L,L,L,L,L,L,L,L,L,L,L,L,L,L,L,L,L,L,L,L,L,L,L,L,L,L,L,C,C,C,C,C,C,C,C,C,C,C,C,C,C,C,C,C,C,C,C,C,C,C,C,C,C,C,C,C,C,C,C,C,C,C,L,L,L,L,L,L,L,L,L,L,C,C,C,C,C,C,C,C,C,C,C,C,C,C,C,C,C,C,C,C,C,C,C,C,C,C,C,C,C,C,C,C,C,C,C,C,C,C,C,C,C,C,C,C,C,C,C,C,C,C,C,C,C,C,L,L,L
56,L,L,L,C,C,C,C,C,C,C,C,C,C,C,L,L,L,L,L,L,L,L,L,L,L,L,L,L,L,L,L,L,L,L,L,L,L,L,L,L,L,L,L,L,C,C,L,L,L,L,L,L,L,L,L,L,L,L,L,L,L,L,L,L,L,L,C,C,C,L,L,L,L,L,L,L,L,L,L,L,L,L,L,L,L,L,L,L,L,L,L,L,L,L,L,L,L,L,L,L,L,L,L,L,L,L,L,L,L,L,L,L,L,L,L,L,L,L,L,L,L,L,L,L,L,L,L,L,L,L,L,L,C,C,C,C,C,C,C,C,C,C,C,C,C,C,C,C,C,C,C,C,C,C,C,C,C,C,C,C,C,C,C,C,C,C,C,L,L,L,L,L,L,L,L,L,L,L,L,L,L,L,L,L,L,L,L,L,L,L,L,L,L,L,L,L,L,L,L,L,L,L,L,L,L,L,L,L,L,L,L,L,L,L,L,L,L,L,L,L,L,L,L,L,L,L,L,L,L,L,L,L,L,L
57,C,C,C,C,C,C,C,C,C,C,C,C,C,C,C,C,C,C,C,C,C,C,C,C,C,C,C,C,C,C,C,C,C,C,C,C,C,C,C,C,C,C,C,C,C,C,C,C,C,C,C,L,L,L,L,-,L,L,L,L,L,L,L,L,L,L,L,L,L,L,L,L,L,L,L,L,L,L,L,L,L,L,L,L,L,L,L,L,L,L,L,L,L,L,L,L,L,L,L,C,C,C,C,C,C,C,C,C,C,C,C,C,C,C,C,C,C,C,C,C,C,C,C,C,C,C,C,C,C,C,C,C,C,C,C,C,C,C,C,C,C,C,C,C,C,C,C,C,C,C,C,C,C,C,C,C,C,C,C,C,L,L,L,L,L,L,C,L,C,C,C,C,C,C,C,C,C,C,C,C,C,C,C,C,C,C,C,C,C,C,C,C,C,C,C,C,C,C,C,C,C,C,C,C,L,L,L,L,L,L,L,L,L,L,L,L,L,L,L,L,L,L,L,L,C,C,C,C,C,C,C,C,C,C
58,L,L,L,C,C,C,C,C,C,C,C,C,C,C,C,C,L,L,L,L,L,L,L,L,L,C,C,C,C,C,C,C,C,C,C,C,C,C,C,C,C,C,C,C,C,C,L,L,L,L,L,L,L,L,L,L,L,L,L,L,L,L,L,L,L,L,L,L,L,L,L,L,L,L,L,L,L,L,L,L,L,L,L,L,L,L,L,L,L,L,L,L,L,L,L,L,L,L,L,L,L,L,L,L,L,L,L,L,L,-,-,-,-,-,L,L,L,L,L,L,L,L,L,L,L,L,L,L,L,L,L,L,-,C,C,C,C,C,C,C,C,C,C,C,C,C,C,C,C,C,C,C,C,C,C,C,C,C,C,C,C,C,C,C,C,C,C,C,C,L,L,L,L,L,L,L,L,L,L,L,L,L,L,L,L,L,L,L,L,L,L,L,L,L,L,L,L,L,L,L,L,L,L,L,L,L,L,L,L,L,L,L,L,L,L,L,L,L,L,L,L,L,L,L,L,L,L,L,L,L,L,L,L,L
59,-,L,L,L,L,L,C,C,C,C,C,C,C,C,C,C,C,L,L,L,L,L,C,C,C,C,L,L,L,L,L,L,L,L,L,L,L,L,L,L,L,L,L,L,L,L,L,L,L,L,L,L,L,L,C,C,C,C,C,C,C,C,C,C,C,C,C,C,L,L,L,L,L,L,L,L,L,L,L,L,L,L,L,L,L,L,L,L,L,L,L,L,L,L,L,L,L,L,L,L,L,L,L,L,L,L,L,L,L,L,L,L,C,C,C,C,C,C,C,C,C,C,C,C,C,C,C,C,C,C,C,C,L,L,L,L,L,L,L,L,L,L,L,L,L,L,L,L,L,L,L,L,L,L,L,L,L,L,L,L,L,L,L,L,L,L,L,L,C,C,-,-,-,C,C,C,-,-,-,-,C,C,C,C,C,C,C,C,C,C,C,C,C,C,C,C,C,C,C,C,C,C,C,C,C,C,C,C,C,C,C,C,C,C,C,C,C,C,C,C,C,C,L,L,L,L,L,L,L,L,-,L,L,L
60,L,L,L,L,L,L,L,L,L,L,L,L,L,L,L,C,C,C,C,C,C,C,C,C,C,L,C,C,L,L,L,L,L,L,L,L,L,L,L,L,L,L,L,L,L,L,L,L,L,L,L,L,L,L,L,L,L,L,L,L,L,L,L,L,L,L,L,L,L,L,L,L,L,L,L,L,L,L,L,L,L,L,L,L,L,L,L,L,L,L,L,L,L,L,L,L,L,L,L,L,L,L,L,L,L,L,L,L,L,L,L,L,L,L,C,C,C,C,L,L,L,L,L,L,C,C,C,C,C,C,C,C,C,C,C,C,C,C,C,C,C,C,C,C,C,C,C,C,C,C,C,C,C,C,C,C,C,C,C,C,C,C,C,C,C,L,L,C,C,C,L,L,L,L,L,L,L,L,L,L,L,L,L,L,L,L,L,L,L,L,L,L,L,L,L,L,L,L,L,L,L,L,L,L,L,L,L,L,L,L,L,L,L,L,L,L,L,L,L,L,L,C,C,C,C,C,C,C,C,C,C,C,C,C
61,C,C,C,C,C,C,C,C,C,C,C,C,C,C,L,L,L,L,L,L,L,L,L,L,L,L,C,C,L,L,L,L,L,L,L,L,L,L,L,L,L,L,L,L,L,L,L,L,L,L,L,L,L,L,C,C,C,C,C,C,C,C,C,C,C,C,C,C,L,L,L,L,L,L,L,L,L,L,-,L,L,L,L,L,L,L,L,L,L,L,L,L,L,L,L,L,L,L,L,L,L,L,L,L,L,L,L,L,L,L,L,L,L,L,L,L,L,L,L,L,L,L,L,L,L,L,L,L,L,L,-,-,C,C,C,C,C,C,C,C,C,C,C,C,C,C,C,C,L,L,L,L,L,L,L,L,L,L,L,L,L,L,L,L,L,L,-,L,L,L,L,L,L,L,L,L,L,L,L,L,L,L,L,L,L,L,L,L,L,L,L,L,L,L,L,L,L,L,L,L,L,L,L,L,L,L,L,L,L,L,L,L,L,L,L,L,L,L,L,L,L,L,L,L,L,L,L,L,C,C,C,C,C,C
62,C,C,C,C,C,C,C,C,L,L,L,L,L,L,L,L,L,L,L,L,L,L,L,L,L,L,C,C,C,C,C,C,C,C,C,C,C,C,C,C,C,C,C,C,C,C,C,L,L,L,L,L,L,L,L,L,L,L,L,L,L,L,L,L,L,L,L,L,C,C,C,C,C,C,C,C,C,C,C,L,L,L,L,L,L,L,L,L,L,L,L,L,L,L,L,L,L,L,L,L,L,L,L,L,L,L,L,L,L,L,L,L,L,L,L,L,L,L,L,L,L,L,L,L,L,L,L,L,L,L,L,L,L,C,C,C,C,C,C,C,C,C,C,C,C,C,C,C,C,C,L,L,L,L,L,L,L,C,C,C,C,C,L,L,C,C,C,L,L,L,L,L,L,L,L,L,L,L,L,L,L,L,L,L,L,L,L,L,L,L,L,L,L,L,L,L,L,L,L,L,L,L,L,L,L,L,L,L,L,L,L,L,L,L,L,L,L,L,L,L,L,L,L,L,C,C,C,C,C,C,C,C,C,C
63,-,-,-,C,C,C,C,C,C,C,C,L,L,L,L,L,L,L,L,L,L,L,C,C,C,C,L,L,L,L,L,L,L,L,L,L,L,L,L,L,L,L,L,L,L,L,L,L,L,L,L,L,L,L,L,L,C,C,C,C,C,C,C,C,L,L,-,-,C,C,C,C,C,C,C,C,C,C,C,-,-,-,-,-,L,L,L,L,C,C,C,C,C,C,C,C,C,C,C,C,C,C,C,C,C,C,C,C,C,C,C,C,C,C,C,C,C,C,C,C,C,C,C,C,C,C,C,C,C,C,C,C,L,L,L,L,L,L,L,L,L,L,L,L,L,L,L,L,L,L,L,L,L,L,L,L,L,L,L,L,L,L,L,L,L,C,C,L,L,L,L,L,L,L,-,L,L,L,L,L,L,L,L,L,L,L,L,L,L,L,L,L,L,L,L,L,L,L,L,L,L,L,L,L,L,L,L,L,L,L,L,L,L,L,L,L,L,L,L,L,L,L,L,L,L,L,L,L,L,L,L,C,C,C
64,C,L,L,L,L,C,C,C,C,C,C,C,C,C,C,C,C,C,C,C,C,C,C,C,C,C,C,C,L,L,L,L,L,L,L,L,L,L,L,L,L,L,L,L,L,L,L,-,L,-,L,L,L,L,L,L,L,L,L,L,L,L,L,L,L,L,L,-,C,C,C,C,C,C,L,L,L,L,L,L,L,L,L,L,L,L,L,L,L,L,L,L,C,C,C,C,C,C,C,C,C,C,C,C,C,C,C,C,C,C,C,C,C,C,L,L,L,L,L,L,L,L,L,L,L,L,L,L,L,L,L,L,C,C,C,C,C,C,C,C,C,C,C,C,C,C,C,C,L,L,L,L,L,L,L,L,L,L,L,L,L,L,L,L,L,-,L,C,C,C,C,L,L,L,-,L,L,C,C,C,C,C,C,C,C,C,C,C,C,C,C,C,C,C,C,C,C,C,C,C,C,C,L,L,L,L,L,L,L,L,L,L,L,L,L,L,L,L,L,L,L,L,L,L,L,L,L,L,L,L,L,L,L,L
65,L,L,L,L,L,L,L,L,L,L,L,L,L,L,L,L,L,L,L,L,L,L,C,C,C,C,C,C,C,C,C,C,C,C,C,C,C,C,C,C,C,C,C,C,C,C,C,C,C,C,C,L,L,L,L,L,L,L,L,L,L,L,L,L,L,L,L,L,L,L,L,L,L,L,L,L,L,L,L,L,L,L,L,L,L,L,L,L,C,C,C,C,C,C,C,C,C,C,C,C,C,C,C,C,C,C,C,C,C,C,C,C,C,C,C,C,C,C,C,C,C,C,C,C,C,C,C,C,C,L,L,L,C,C,C,C,C,C,C,C,C,C,C,C,C,C,C,C,C,C,C,C,C,C,C,C,C,C,C,C,C,C,L,L,L,L,L,L,L,L,L,L,L,L,-,C,C,C,C,C,C,C,C,C,C,C,C,C,C,C,C,C,C,C,C,C,C,C,C,C,C,C,C,C,C,C,C,C,L,L,L,L,L,L,L,L,L,L,L,L,L,L,L,L,L,L,L,L,L,L,L,L,L,L
66,C,C,C,C,C,C,C,C,C,C,C,C,C,C,C,C,C,C,C,C,C,C,C,C,C,C,C,C,C,C,C,C,C,C,C,C,C,C,C,C,C,C,C,C,C,C,C,C,C,C,C,C,C,C,C,C,C,C,C,C,C,C,C,C,L,L,L,L,C,C,L,L,L,L,L,L,L,L,L,L,L,L,L,L,L,L,L,L,L,L,L,L,L,L,L,L,L,L,L,L,L,L,L,L,L,L,L,L,L,L,L,L,L,L,L,L,L,L,L,L,L,L,L,L,L,L,L,L,L,L,L,L,L,L,L,L,L,L,L,L,L,L,L,L,L,L,L,L,C,C,C,C,C,C,C,C,C,L,L,L,L,L,L,L,L,L,L,L,L,L,L,L,L,L,L,L,L,L,L,L,L,L,L,L,L,L,L,L,L,L,L,L,L,L,L,L,L,L,L,L,L,L,L,L,L,L,L,L,L,L,C,C,C,C,C,C,C,C,C,C,C,C,C,C,C,C,L,L,L,L,L,L,L,L
67,L,L,C,C,C,C,C,C,C,C,C,C,C,C,L,L,L,L,L,L,L,L,L,L,L,L,L,L,L,L,L,L,L,L,L,L,L,L,L,L,L,L,L,L,L,L,L,L,L,L,L,L,L,L,L,L,L,L,L,L,L,L,L,L,L,L,L,L,C,C,C,C,C,C,C,C,C,C,C,C,C,C,C,C,C,C,C,C,C,C,C,C,L,L,L,L,L,L,L,L,L,L,L,L,L,L,L,L,L,L,L,L,L,L,L,L,L,L,L,L,L,L,L,L,L,L,L,L,L,L,L,L,C,C,L,L,L,L,L,L,L,L,L,L,L,L,L,L,L,L,L,L,L,L,L,L,L,L,L,L,L,L,L,L,L,L,L,L,L,L,L,L,L,L,-,-,-,-,-,-,-,-,-,-,-,C,C,C,C,C,C,-,-,-,-,-,-,-,C,C,C,L,L,L,L,L,L,L,L,L,L,L,L,L,L,L,L,L,L,L,L,L,L,L,L,L,L,L,L,L,L,L,L,L
68,L,C,C,C,L,L,L,L,L,L,L,L,L,L,L,L,L,L,L,L,L,C,C,C,L,L,L,L,C,C,C,C,C,C,C,C,C,C,C,C,C,C,C,C,C,C,C,C,C,C,C,C,C,C,C,C,C,C,C,C,C,C,C,C,C,C,C,C,C,L,L,L,L,L,L,L,L,L,L,L,L,L,L,L,L,L,L,L,L,L,L,L,L,L,L,L,L,L,L,L,L,L,L,L,L,L,L,L,L,L,L,L,L,L,-,L,L,L,L,L,L,L,L,L,L,L,L,L,L,L,L,L,L,L,C,C,C,C,C,C,C,C,C,C,C,C,C,C,C,C,C,C,C,C,C,C,C,C,C,C,C,C,C,C,C,L,L,L,L,L,L,L,L,L,L,L,L,L,L,L,L,L,L,L,L,L,L,L,C,C,C,C,C,C,C,C,C,C,C,L,L,L,L,L,L,L,L,L,L,L,L,L,L,L,L,L,L,L,L,L,L,L,L,L,C,C,C,C,C,C,C,C,C,C
69,C,C,C,C,C,C,C,C,L,L,L,C,C,C,C,C,C,C,C,C,C,C,C,C,C,C,C,C,C,C,C,C,C,C,C,C,C,C,C,C,C,C,C,C,C,C,C,C,C,C,C,C,C,C,C,C,C,C,C,C,C,C,C,C,C,C,L,L,L,L,L,L,L,L,L,L,L,L,L,L,L,L,L,L,L,L,-,-,-,-,-,-,C,C,C,C,C,C,C,C,C,C,C,C,C,C,C,C,C,C,C,C,C,C,C,C,C,C,C,C,C,C,C,C,C,C,C,C,C,C,C,C,L,L,L,L,L,L,L,L,L,L,L,L,L,L,C,C,C,C,C,C,C,C,C,C,C,C,C,C,C,C,C,C,C,C,C,C,C,C,C,C,C,C,C,C,C,C,C,C,C,C,C,C,C,C,C,C,C,C,C,C,C,C,C,C,C,C,C,C,C,C,C,C,C,C,L,L,L,L,L,L,L,L,L,L,L,L,L,L,L,L,L,L,L,L,L,L,L,L,L,L,L,L
70,C,L,L,L,L,L,L,L,L,L,L,L,L,C,C,C,C,L,L,L,L,L,C,C,C,C,C,C,C,C,C,C,C,C,C,C,C,C,C,C,C,C,C,C,C,C,C,C,C,C,C,C,C,C,C,C,C,C,C,C,C,C,C,C,C,C,C,C,C,C,C,C,L,L,L,L,L,L,L,L,L,L,C,C,C,C,C,C,C,C,C,C,C,C,C,C,C,C,C,C,C,C,C,C,C,C,C,C,C,C,C,C,C,C,C,C,C,C,C,C,C,C,C,C,C,C,C,C,C,C,C,C,C,C,C,C,C,C,C,C,C,C,C,C,C,C,C,C,C,C,L,L,L,L,L,L,L,L,L,L,L,L,L,L,L,L,C,C,C,L,L,-,L,C,C,C,C,C,C,C,C,C,C,C,C,C,C,C,C,C,C,C,C,C,C,C,C,C,C,C,C,C,C,C,C,C,C,C,C,L,L,L,L,L,L,L,L,L,L,L,L,L,L,L,L,L,L,L,L,L,L,L,L,L
71,C,C,C,C,C,C,C,C,C,C,L,L,L,-,L,L,L,L,L,L,L,L,L,L,L,L,L,L,L,L,L,L,L,L,L,L,L,L,L,L,L,L,L,L,L,L,L,L,L,L,L,L,L,L,L,L,L,L,L,L,-,C,C,C,C,L,L,L,L,L,L,L,L,L,C,C,C,C,C,C,C,C,C,C,C,C,C,C,C,C,C,C,C,C,C,C,C,C,C,C,C,C,C,C,C,C,C,C,C,C,C,L,L,L,L,L,L,L,L,L,L,L,L,L,L,L,L,L,L,L,L,L,C,C,C,C,C,C,C,C,C,C,C,C,C,C,C,C,L,L,L,L,L,L,L,L,L,L,L,L,L,L,L,L,L,L,L,C,C,C,C,C,C,C,C,L,L,L,L,L,L,L,L,L,L,L,L,L,L,L,L,L,L,L,L,L,L,L,L,L,L,L,L,L,L,L,L,L,L,C,C,C,C,C,C,C,C,C,C,C,C,C,C,C,C,C,C,C,C,C,C,C,C,C
72,L,L,L,L,L,L,L,L,L,L,L,L,L,L,L,L,L,L,L,L,L,L,L,L,L,L,L,L,L,L,L,L,L,L,L,L,L,L,L,L,L,L,L,L,L,L,L,L,L,L,L,L,L,L,L,L,L,L,L,L,L,L,L,L,L,L,L,L,L,L,L,L,L,L,L,L,L,L,L,L,L,L,L,L,L,L,L,L,L,L,L,L,L,L,L,L,L,L,L,L,L,L,L,L,L,L,L,L,L,-,L,L,L,L,L,L,L,L,L,L,L,L,L,L,L,L,L,L,L,L,L,L,C,C,C,C,C,C,C,C,C,C,C,C,C,C,C,C,C,C,C,C,C,C,C,C,C,C,C,C,C,C,C,C,C,C,-,C,L,L,L,L,L,L,L,L,L,L,L,L,L,L,L,L,L,L,L,L,L,L,L,L,L,L,L,L,L,L,L,L,L,L,L,L,L,L,L,L,L,L,L,L,L,L,L,L,L,L,L,L,L,C,C,C,C,C,C,C,C,C,-,C,C,C
73,C,C,C,C,C,C,C,C,C,C,L,L,L,L,C,C,C,C,C,C,L,L,C,C,L,L,L,L,L,L,L,L,L,L,L,L,L,L,L,L,L,L,L,L,L,L,L,L,C,C,C,C,C,C,C,C,C,C,C,C,C,C,C,C,C,L,L,L,L,L,L,L,L,L,L,L,L,L,L,L,L,L,L,L,L,C,C,C,C,C,C,C,C,C,C,C,C,C,C,C,C,C,C,C,C,C,C,C,C,C,C,C,C,C,C,L,L,L,L,L,L,L,L,L,L,L,L,L,L,L,L,L,L,L,C,C,C,C,C,C,C,C,C,C,C,C,C,C,C,C,C,C,C,C,C,C,C,C,C,C,C,C,C,C,C,C,C,C,C,C,C,C,C,C,C,C,C,C,L,L,L,L,L,L,L,L,L,L,L,L,L,L,L,L,L,L,L,L,L,L,L,L,L,L,L,L,L,L,L,L,L,L,L,L,L,L,L,L,L,L,L,L,L,L,L,L,L,C,C,C,-,C,C,C
74,C,C,C,C,L,L,L,L,L,L,L,L,L,L,L,L,C,C,C,C,C,C,C,C,C,C,C,C,C,C,C,C,C,C,C,C,C,C,C,C,C,C,C,C,C,C,C,C,C,C,C,C,C,C,C,C,C,C,C,C,C,C,C,C,C,C,L,L,L,L,L,L,L,L,L,L,L,L,L,L,L,L,L,L,L,L,L,L,L,L,L,L,L,L,L,L,L,L,L,L,L,L,L,L,L,L,L,L,L,L,L,L,L,L,C,C,C,C,C,C,C,C,C,C,C,C,C,C,C,C,C,C,C,C,L,L,L,L,L,L,L,L,L,L,L,L,L,L,L,L,L,L,L,L,L,L,L,L,L,L,L,L,L,L,L,L,L,L,L,-,L,L,L,L,L,L,L,L,L,L,L,L,L,L,L,L,L,L,L,L,L,L,L,L,L,L,L,L,L,L,L,L,L,L,L,L,L,L,-,L,L,L,L,L,L,L,L,L,L,L,L,L,L,L,L,L,L,L,L,L,-,L,L,L
75,L,L,L,L,L,L,L,L,L,L,L,L,L,L,L,-,-,C,C,C,-,C,C,C,C,C,C,C,C,C,C,C,C,C,C,C,C,C,C,C,C,C,C,C,C,C,C,C,L,L,L,L,L,L,L,L,L,L,C,C,C,C,C,C,C,C,C,C,L,L,L,L,L,L,L,L,L,L,L,L,L,L,L,L,L,L,-,L,L,L,L,L,L,L,L,L,L,L,L,L,L,L,L,L,L,L,L,L,L,L,L,L,L,L,L,L,L,L,L,L,L,L,L,L,L,L,L,L,L,L,L,L,C,C,L,L,L,L,L,L,L,L,L,L,L,L,L,L,L,L,L,L,L,L,L,L,L,L,L,L,L,L,L,L,C,C,C,C,C,C,C,C,C,C,C,C,C,L,L,L,L,L,L,L,L,L,L,L,L,L,L,L,L,L,L,L,L,L,L,L,L,L,L,L,L,L,L,L,L,L,L,L,L,L,L,L,L,L,L,L,L,L,L,L,L,L,L,L,L,L,-,L,L,L
76,L,L,L,L,L,L,L,L,L,L,L,L,L,L,L,L,L,L,L,L,L,L,L,L,L,L,C,C,C,C,C,C,C,C,C,C,C,C,C,C,C,C,C,C,C,C,C,C,C,C,C,C,C,C,C,C,C,C,C,C,C,C,C,C,C,C,L,L,L,L,L,L,L,L,L,L,L,L,L,L,L,L,L,L,L,C,C,C,C,C,C,C,C,C,C,C,C,C,C,C,C,C,C,C,C,C,C,C,C,C,C,C,C,C,C,C,C,C,C,C,C,C,C,C,C,C,C,C,C,C,C,C,C,C,L,L,L,L,L,L,L,L,L,L,L,L,L,L,L,L,L,L,L,L,L,L,L,L,L,L,L,L,L,L,L,C,C,C,C,C,C,L,L,L,L,C,C,C,C,C,C,C,C,C,C,C,C,C,C,L,L,L,L,L,L,L,L,L,L,L,L,L,L,L,L,L,L,L,L,L,L,L,L,L,L,L,L,L,L,L,L,L,L,L,L,L,C,C,C,C,-,C,C,C
77,C,C,C,C,C,C,C,C,C,C,C,C,C,C,C,C,C,C,C,C,C,C,C,C,C,C,C,C,C,C,C,C,C,C,C,C,C,C,C,C,C,C,C,C,C,C,C,C,C,C,C,C,C,C,C,C,C,C,C,C,C,C,C,C,C,L,L,L,C,C,C,C,C,C,C,C,C,L,L,L,L,L,L,L,L,L,L,L,L,L,L,L,L,L,L,L,L,L,L,L,L,L,L,L,L,L,L,L,L,L,L,L,L,L,L,L,L,L,L,L,-,L,L,L,L,L,L,L,L,L,L,L,C,C,L,L,L,L,L,L,L,L,L,L,L,L,L,L,L,L,C,C,C,C,C,C,C,C,C,C,C,L,L,L,L,L,L,L,L,L,L,L,L,L,L,L,L,L,L,L,L,L,L,L,L,L,L,L,L,C,C,C,C,C,C,C,C,C,C,C,C,C,C,C,C,C,C,C,C,C,C,C,C,C,C,C,C,C,C,C,C,C,C,C,C,C,C,C,C,C,-,C,C,C
78,L,L,L,L,C,C,C,C,C,C,C,C,C,-,C,C,C,C,L,L,C,C,C,C,C,C,L,L,L,L,L,L,L,L,L,L,L,L,L,L,L,L,L,L,L,L,L,L,L,L,C,C,C,C,C,C,C,C,C,C,C,C,C,C,C,C,C,C,L,L,L,L,L,-,-,-,-,-,-,-,-,-,-,C,C,C,C,C,C,C,C,C,C,C,C,C,C,C,C,C,C,C,C,C,C,C,C,C,C,C,C,C,C,C,C,C,C,C,C,C,C,C,C,C,C,C,C,C,C,L,L,L,C,C,C,C,C,C,C,C,C,C,C,C,C,C,C,C,C,C,C,C,C,C,C,C,C,L,L,L,L,L,L,L,L,L,L,C,C,-,-,L,L,L,L,L,L,L,L,L,L,L,L,L,L,C,L,L,L,L,L,L,L,L,L,L,L,L,L,L,L,L,L,L,L,L,L,L,L,L,L,L,L,L,L,L,L,L,L,L,L,L,L,L,L,L,L,L,L,L,-,L,L,L
79,C,C,C,C,C,C,C,C,C,C,C,C,C,C,C,C,C,C,C,C,C,-,C,C,-,C,C,C,-,C,C,C,C,C,C,C,C,C,-,C,C,C,C,C,C,C,C,C,C,C,C,C,C,C,L,L,L,L,C,C,C,C,C,-,C,C,L,L,L,L,L,L,L,L,L,L,L,L,L,-,-,-,L,L,L,L,L,L,L,L,L,-,L,L,L,L,L,-,L,L,L,L,L,L,L,-,-,-,C,C,C,C,C,C,C,L,-,L,L,L,L,C,C,-,C,C,C,C,C,C,C,C,L,-,L,L,L,L,L,-,L,L,L,L,-,L,L,-,L,L,-,L,L,-,L,L,L,L,L,L,L,L,L,-,C,C,C,L,L,L,L,L,L,C,C,C,C,C,C,C,C,C,C,-,-,-,C,C,C,C,C,C,C,-,C,C,C,C,C,C,C,C,C,C,C,C,L,L,L,L,C,C,C,C,C,C,C,C,C,C,C,C,C,C,C,C,C,C,C,C,-,C,C,C
80,C,C,C,C,C,C,C,C,C,C,C,C,C,C,C,C,C,C,-,C,C,C,C,C,C,C,L,L,L,L,L,L,L,L,L,L,L,L,L,L,L,L,L,L,L,L,L,L,L,L,L,L,L,L,L,L,L,L,L,L,L,L,L,L,L,L,L,L,L,L,C,C,C,C,C,C,C,C,C,C,C,C,C,C,C,C,C,C,C,C,C,C,C,C,C,C,C,C,C,C,C,C,C,C,C,C,C,C,C,C,C,L,L,L,L,L,L,L,C,C,C,C,C,C,C,C,C,C,C,C,C,C,L,C,C,C,C,C,C,C,C,C,C,C,C,C,L,L,L,L,L,L,L,L,L,L,L,L,L,L,L,C,C,C,C,C,L,L,L,L,L,L,L,L,L,L,L,L,L,L,L,L,L,L,L,L,C,C,C,C,C,C,C,C,C,C,C,C,C,C,C,L,L,L,L,L,L,L,L,L,L,L,L,L,L,L,L,L,L,L,L,L,L,L,L,L,L,L,L,L,-,C,C,C
81,L,L,L,L,C,C,C,C,C,C,C,C,C,C,C,C,C,C,C,C,C,C,C,C,C,C,C,C,C,C,C,C,C,C,C,C,C,C,C,C,C,C,C,C,C,C,-,C,C,C,C,C,C,C,C,C,C,C,C,C,C,C,C,C,C,C,C,C,L,L,L,L,L,L,L,L,C,C,C,C,C,C,C,C,C,C,C,C,C,C,C,C,C,C,C,C,C,C,C,C,C,C,C,C,C,C,C,C,C,C,C,C,C,C,C,C,C,C,C,C,C,C,C,C,C,C,C,C,C,C,C,C,L,L,L,L,L,L,L,L,L,L,L,L,L,L,L,L,L,L,L,L,L,L,-,L,L,L,L,L,L,L,L,L,L,L,L,C,C,C,C,C,C,C,C,L,L,L,L,L,L,L,L,L,L,L,L,L,L,L,L,L,L,L,L,L,L,L,L,L,L,L,L,L,L,L,L,L,L,L,L,L,L,L,L,L,L,L,L,L,L,L,L,L,L,L,L,C,C,C,-,C,C,C
82,L,L,L,L,C,C,C,C,C,C,C,C,C,C,C,C,C,C,C,C,C,C,C,C,C,C,L,L,L,L,L,L,L,L,L,L,L,L,L,L,L,L,L,L,C,C,C,C,C,C,C,C,C,C,C,C,L,L,L,L,L,L,L,L,L,L,C,C,C,C,C,C,C,C,C,C,C,C,C,C,C,C,C,C,C,C,C,C,C,C,C,C,C,C,C,C,C,C,C,C,C,C,C,C,C,C,C,C,C,C,C,C,C,C,C,C,C,L,L,L,L,L,L,L,L,L,L,L,L,L,L,L,L,L,L,L,L,L,L,L,L,L,L,L,L,L,L,L,L,L,-,C,C,C,C,C,C,C,C,C,C,C,C,C,C,C,L,L,L,L,L,L,L,L,L,L,L,L,L,L,L,L,L,C,C,C,C,C,C,C,C,C,C,C,C,C,C,C,L,L,L,L,L,L,L,L,L,L,L,L,L,L,L,L,L,L,L,L,L,C,C,C,C,C,C,C,C,L,L,L,-,L,L,L
83,C,C,C,L,L,L,L,L,L,L,L,L,L,L,C,C,L,L,L,L,L,L,L,C,C,L,C,C,C,C,C,C,C,C,C,C,C,C,C,C,C,C,C,C,C,C,C,C,L,L,L,L,L,L,L,L,L,L,L,L,L,L,L,L,L,L,L,L,L,L,L,L,L,L,L,L,L,L,L,L,L,L,L,L,L,L,L,L,L,L,L,L,L,L,L,L,L,L,L,L,L,L,L,L,L,L,L,L,L,L,L,L,L,L,L,L,L,L,L,L,L,L,L,L,L,L,L,L,L,L,L,L,L,L,C,C,C,C,C,C,C,C,C,C,C,C,C,C,C,C,C,C,C,C,C,C,C,L,L,L,L,L,L,L,L,L,L,C,C,C,C,C,C,-,-,-,-,C,C,C,L,L,L,L,L,L,L,L,C,L,L,L,L,L,L,L,L,L,L,L,L,L,L,L,L,L,L,L,L,L,L,L,L,L,L,L,L,L,L,L,L,L,L,L,L,C,C,C,C,C,-,C,C,C
84,C,C,C,C,L,L,L,L,L,L,L,L,L,L,L,L,C,C,C,C,C,C,C,C,C,C,C,C,C,C,C,C,C,C,C,C,C,C,C,C,C,C,C,C,C,C,C,L,L,L,L,L,L,L,L,L,L,L,L,L,L,L,L,L,L,L,L,L,C,C,C,C,C,L,L,L,L,L,L,L,L,L,C,C,C,C,C,C,C,C,C,C,C,C,C,C,C,C,C,C,C,C,C,C,C,C,C,C,C,C,C,C,C,C,C,C,C,C,C,C,C,C,C,C,L,L,L,L,L,L,L,L,C,C,C,C,C,C,C,C,C,C,C,C,C,C,C,C,C,C,C,C,C,C,C,C,C,C,C,C,C,C,C,C,C,C,C,L,L,L,L,C,C,C,C,C,C,C,C,C,C,C,C,C,C,L,L,L,L,L,L,L,L,L,L,L,L,L,L,L,L,L,L,L,L,L,L,L,L,L,L,L,L,L,L,L,L,L,L,L,L,L,L,L,L,L,L,L,L,L,-,L,L,L
85,C,C,C,C,C,C,C,C,C,C,C,C,C,C,C,C,C,C,C,C,C,C,C,C,C,C,L,L,L,L,L,L,L,L,L,L,L,L,L,L,L,L,L,L,L,L,L,L,L,L,L,L,L,L,C,C,C,C,C,C,C,C,C,C,C,L,L,L,L,L,L,L,L,L,L,L,L,L,L,L,L,L,L,L,L,L,L,L,L,L,L,L,L,L,L,L,L,L,L,L,L,L,L,L,L,L,L,L,L,L,L,L,L,L,L,L,L,L,L,L,L,L,L,L,L,L,L,L,L,L,L,L,C,C,C,C,C,C,C,C,C,C,C,C,C,C,C,C,C,C,L,L,L,L,-,-,-,-,-,-,C,C,C,C,C,C,C,L,L,L,L,L,L,L,L,L,L,L,L,L,C,C,C,C,C,C,C,C,C,-,-,C,C,C,C,C,C,C,C,C,C,C,C,C,C,C,C,C,C,C,C,C,C,C,C,C,C,C,C,C,C,C,C,C,C,C,L,L,L,L,-,L,L,L
86,L,C,C,C,C,C,C,C,C,C,C,C,C,C,L,L,L,L,L,L,L,L,C,C,C,C,L,L,L,L,L,L,L,L,L,L,L,L,L,L,L,L,L,L,L,L,L,L,L,L,L,C,C,L,L,L,L,L,L,L,L,L,L,L,L,L,L,L,C,C,C,C,C,C,C,C,C,C,C,C,C,C,C,C,C,C,C,C,C,C,C,C,C,C,C,C,C,C,C,C,C,C,C,C,C,C,C,C,C,C,C,C,C,C,C,C,C,C,C,C,C,C,C,C,C,C,C,C,C,C,C,C,C,C,L,L,L,L,L,L,L,L,L,L,L,L,C,C,C,C,C,C,C,C,C,C,C,C,C,C,C,C,-,C,L,L,L,L,L,C,C,C,C,C,C,C,C,C,C,C,C,C,C,C,C,C,C,C,C,C,C,C,C,C,C,C,C,C,C,C,C,C,C,C,C,C,C,C,C,C,C,C,C,C,C,C,C,C,L,L,L,L,L,L,C,C,C,C,C,C,-,C,C,C
87,C,-,C,C,C,C,L,L,L,L,L,L,L,L,C,C,C,C,C,C,C,C,C,C,C,C,C,C,C,C,C,C,C,C,C,C,C,C,C,C,C,C,C,C,C,C,C,C,C,C,C,C,C,C,C,C,C,C,C,C,C,C,C,C,C,C,C,C,C,C,C,C,C,C,C,C,C,C,C,C,C,C,C,C,C,C,C,C,C,C,C,C,C,C,C,C,C,C,C,C,C,C,C,C,C,C,C,C,C,C,C,C,C,C,C,C,C,C,C,C,C,C,C,C,C,C,C,C,C,C,C,C,L,L,C,C,C,C,C,C,C,C,C,C,C,C,C,C,C,C,C,C,C,C,-,-,-,-,L,L,L,L,L,L,L,L,L,C,C,C,C,C,C,C,C,C,C,L,L,L,C,C,C,C,C,C,C,C,C,C,C,C,C,C,C,C,C,C,C,C,C,C,C,C,C,C,L,L,L,L,L,L,L,L,L,L,L,L,L,L,L,L,L,L,L,L,L,L,L,L,-,L,L,L
88,L,C,C,C,C,C,C,C,C,C,C,C,C,C,C,C,C,C,C,C,C,C,C,C,L,L,L,L,L,L,L,L,L,L,L,L,L,L,L,L,L,L,L,L,L,L,L,L,L,L,L,L,L,L,L,L,L,L,L,L,L,L,L,C,C,C,C,C,L,L,L,L,L,L,L,L,L,L,L,L,L,L,L,L,L,L,L,L,L,L,L,L,L,L,L,L,L,L,L,L,L,L,L,L,L,L,L,L,L,L,L,L,L,L,L,L,L,L,L,L,L,L,L,L,L,L,L,L,L,L,L,L,C,C,C,C,C,C,C,C,C,C,C,C,C,C,C,C,C,C,C,C,C,C,C,C,C,C,C,C,C,C,C,C,C,C,C,L,L,L,L,L,L,L,L,L,L,L,L,L,L,L,L,L,C,C,C,C,C,C,L,L,L,L,L,L,L,L,L,L,L,L,L,L,L,L,L,L,L,C,C,C,C,C,C,C,C,C,C,C,C,C,C,C,C,C,C,C,C,C,-,C,C,C
89,L,L,L,L,C,C,C,C,C,C,C,L,L,L,L,L,L,L,C,C,C,C,C,C,C,C,L,L,L,L,C,C,C,C,C,C,C,C,C,C,C,C,C,C,C,C,C,C,C,C,C,L,L,L,L,L,L,L,L,L,L,L,L,L,C,C,C,C,C,C,C,C,C,C,C,C,C,C,C,C,C,C,C,C,C,C,C,C,C,C,C,C,C,C,C,C,C,C,C,C,C,C,C,C,C,L,L,L,L,L,L,L,L,L,L,L,L,L,L,L,L,L,L,L,L,L,L,L,L,L,L,L,L,L,L,L,L,L,L,L,L,L,L,L,L,L,L,L,L,L,L,L,L,L,L,L,L,L,L,L,L,L,L,L,L,C,C,L,L,L,L,L,L,C,C,C,C,C,C,C,C,C,C,C,C,C,C,C,C,C,C,C,C,C,C,C,C,C,C,C,C,L,L,L,L,L,L,L,L,C,C,C,C,C,C,C,C,C,L,L,L,L,L,L,L,L,L,L,L,L,-,L,L,L
90,L,C,C,C,C,L,L,L,L,L,L,L,L,L,C,C,C,C,C,C,C,C,C,C,C,C,L,L,L,L,L,L,L,L,L,L,L,L,L,L,L,L,L,L,L,L,L,L,L,L,L,L,L,L,L,L,L,L,L,L,L,L,L,L,L,L,L,L,C,C,L,L,L,L,L,L,L,L,L,L,L,L,C,C,C,C,C,C,C,C,C,C,C,C,C,C,C,C,C,C,C,C,C,C,-,C,C,C,C,C,C,C,C,C,C,C,C,C,C,C,C,C,C,C,-,C,C,C,C,C,C,C,L,C,C,C,C,C,C,C,C,C,C,C,C,C,C,C,C,C,C,C,C,C,C,C,C,C,C,C,C,L,L,L,L,L,L,L,L,L,L,L,L,L,L,L,L,L,L,L,C,C,C,C,C,C,L,L,L,L,L,L,L,L,L,L,L,L,L,L,L,L,L,L,L,L,L,L,L,L,L,L,L,L,L,L,L,L,L,L,L,L,L,L,C,C,C,C,C,C,-,-,C,C
91,L,L,L,L,L,L,L,L,L,L,L,L,L,L,L,L,C,-,-,-,-,L,L,L,L,L,C,L,L,L,L,L,L,L,L,L,L,L,L,L,L,L,L,L,L,L,L,L,L,L,L,L,L,L,L,L,L,L,L,L,L,L,L,L,L,L,L,L,C,C,L,L,L,L,L,L,L,L,L,L,L,L,L,L,L,L,L,L,L,L,L,L,L,L,L,L,L,L,L,L,L,L,L,L,L,L,L,L,L,L,L,L,L,L,C,C,C,C,C,C,C,C,C,C,C,C,C,C,C,C,C,C,L,L,L,L,L,L,L,L,L,L,L,L,L,L,C,C,C,C,C,C,C,C,C,C,C,C,C,C,C,C,C,C,C,C,C,L,L,L,L,L,L,L,L,L,L,C,C,C,C,C,C,C,C,C,C,C,C,C,C,-,-,-,-,-,-,-,-,-,-,-,-,-,-,-,L,L,L,L,L,L,L,L,L,L,L,L,L,L,L,C,C,C,C,C,C,C,C,C,-,C,C,C
92,L,L,L,L,L,L,L,L,L,L,L,C,C,C,C,C,C,C,C,C,C,C,C,C,L,L,L,L,L,L,L,L,L,L,L,L,L,L,L,L,L,L,L,L,L,L,L,L,L,L,L,L,L,L,L,L,L,L,L,L,L,L,L,L,L,L,L,L,L,L,L,L,L,L,L,L,L,L,L,L,L,L,L,L,L,L,L,L,L,L,L,L,L,L,L,L,L,L,L,L,L,L,L,L,L,L,L,L,L,L,L,L,C,C,C,C,C,C,L,L,L,L,L,L,L,L,L,L,L,L,L,L,C,C,C,C,C,C,C,C,C,C,C,C,C,C,C,C,C,C,C,C,C,C,C,C,C,C,C,C,C,C,C,C,C,L,L,L,L,L,L,L,L,L,L,L,L,L,L,L,L,L,L,L,L,L,C,C,C,L,L,L,L,L,L,L,L,L,L,L,L,L,L,L,L,L,L,L,L,C,C,C,C,C,C,C,C,C,C,C,C,C,C,C,C,C,C,C,C,C,-,C,C,C
93,C,C,C,C,C,C,C,C,C,C,L,L,L,L,C,C,C,L,L,L,L,L,L,L,L,L,L,L,L,L,L,L,L,L,L,L,L,L,L,L,L,L,L,L,L,L,L,L,L,L,L,L,L,L,C,C,C,-,C,C,C,C,C,C,C,C,C,C,L,C,C,C,C,C,C,C,C,C,C,C,C,C,C,C,C,C,C,C,C,C,C,C,C,C,C,C,C,C,C,C,C,C,C,C,C,L,L,L,L,L,L,L,L,L,L,C,C,C,C,C,C,L,L,L,L,L,L,L,L,L,L,L,L,L,L,L,L,L,L,L,L,L,L,L,L,L,L,L,L,L,L,L,L,L,C,C,C,C,C,C,C,C,C,C,C,C,C,C,C,C,C,L,L,L,L,C,C,C,C,C,C,C,C,C,L,L,L,L,L,L,L,L,L,L,L,L,L,L,L,L,L,L,L,L,L,L,L,L,L,L,L,L,L,L,L,L,L,L,L,L,L,L,L,L,L,L,L,L,L,L,-,L,L,L
94,C,C,C,C,C,C,L,L,L,L,L,L,L,L,L,L,L,L,L,L,L,L,L,L,L,L,C,C,L,L,L,L,L,L,L,L,L,L,L,L,L,L,L,L,L,L,C,C,C,C,C,L,L,L,L,L,L,L,L,L,L,L,L,L,L,L,L,L,C,C,C,C,L,L,L,L,C,C,C,L,L,L,L,L,L,L,L,L,L,L,-,L,L,L,L,L,L,L,L,L,L,L,L,L,L,L,L,L,L,L,L,L,L,L,L,L,L,-,L,L,-,L,L,L,L,L,L,L,L,L,L,L,L,L,L,L,L,L,L,L,L,L,L,L,L,L,L,L,L,L,L,L,L,L,L,L,L,L,L,L,L,L,L,L,L,L,C,L,L,L,L,L,L,L,L,L,L,L,L,L,L,L,L,L,L,L,L,L,L,L,L,L,L,L,L,L,L,L,L,L,L,L,L,L,L,L,L,L,C,C,C,C,C,C,C,C,C,C,C,C,C,C,C,C,C,C,L,L,L,L,-,L,L,L
95,L,L,L,L,L,L,L,L,L,L,L,L,L,L,L,L,L,L,L,L,L,L,L,L,L,L,L,L,L,L,L,L,L,L,L,L,L,L,L,L,L,L,L,L,L,L,L,L,L,L,L,C,C,C,C,C,C,C,C,C,C,C,C,C,C,C,L,L,L,L,L,L,L,L,L,L,L,L,L,L,L,L,L,L,L,L,L,L,L,L,L,L,L,L,L,L,L,L,L,L,L,L,L,L,L,L,L,L,L,L,L,L,L,L,L,L,L,L,L,L,L,L,L,L,L,L,L,L,L,L,L,L,L,L,L,L,L,L,L,L,L,L,L,L,L,L,L,L,L,L,L,L,L,L,L,L,L,L,L,L,L,L,L,L,L,L,L,L,L,L,L,L,L,L,L,L,L,L,L,L,L,L,L,L,L,L,L,L,L,L,L,L,L,L,L,L,L,L,L,L,L,L,L,L,L,L,L,L,L,L,L,L,L,L,L,L,L,L,L,L,C,C,C,C,C,C,C,C,L,L,-,L,L,L
96,L,L,L,L,L,L,L,L,L,L,C,C,C,C,C,C,C,C,C,C,L,L,L,L,L,L,C,C,C,C,C,C,C,C,C,C,C,C,C,C,C,C,C,C,C,C,C,C,C,C,C,C,C,C,C,C,C,C,C,C,C,C,C,C,C,C,C,C,L,L,L,L,L,L,L,L,L,L,L,L,L,L,L,L,L,L,L,L,L,L,L,L,L,L,L,L,L,L,L,L,L,L,L,L,L,L,L,L,L,L,L,L,L,L,L,L,L,L,L,L,L,L,L,L,L,L,L,L,L,L,L,L,L,L,L,L,L,L,L,L,L,L,L,L,L,L,L,L,-,L,L,L,C,C,C,C,C,C,C,C,C,C,C,C,C,C,C,L,L,L,-,L,L,L,L,L,L,L,L,L,L,L,L,C,C,L,L,L,L,L,L,L,L,L,L,L,L,L,L,L,L,L,L,L,L,L,L,L,L,L,L,L,L,L,L,L,L,L,L,L,L,L,L,L,L,L,L,C,C,C,-,C,C,C
97,L,L,L,C,C,C,C,C,L,L,L,L,L,L,L,L,L,L,C,C,L,L,C,C,C,C,L,L,L,L,L,L,L,L,L,L,L,L,L,L,L,L,L,L,L,L,L,L,L,L,L,L,L,C,C,C,C,C,C,C,C,C,C,C,C,C,C,C,L,L,L,L,L,C,C,C,C,C,C,C,C,C,C,C,C,C,C,C,C,C,C,C,C,C,C,C,C,C,C,C,C,C,C,C,C,C,C,C,C,C,C,C,C,C,C,C,C,C,C,C,C,C,C,C,C,C,C,C,C,C,C,C,C,C,C,C,C,C,C,C,C,C,C,C,C,C,L,L,L,L,L,L,L,L,L,L,L,L,L,L,L,L,L,L,L,L,L,C,C,C,C,C,C,C,C,C,C,C,C,C,C,C,C,C,C,C,C,-,-,L,L,L,L,L,L,L,L,L,L,L,L,L,L,L,L,L,L,L,L,L,L,L,L,L,L,L,L,L,L,L,L,L,L,L,L,C,C,C,C,C,-,C,C,C
98,L,L,L,L,L,L,C,C,C,C,C,C,C,C,C,C,C,C,C,C,L,L,L,L,L,L,C,C,C,C,C,C,C,C,C,C,C,C,C,C,C,C,C,C,C,C,C,C,C,C,C,C,C,C,C,C,C,C,C,C,C,C,C,C,C,L,L,L,L,L,L,L,L,L,L,C,C,C,C,C,C,C,C,C,C,C,C,C,C,C,C,C,C,C,C,C,C,C,C,C,C,C,C,C,C,C,C,C,C,C,C,C,C,C,C,C,C,C,C,C,C,C,C,C,C,C,C,C,C,C,C,C,L,L,C,C,C,C,C,C,C,C,C,C,C,C,C,C,C,C,C,C,C,C,C,C,C,L,L,L,L,L,L,L,L,L,L,C,C,C,C,L,L,L,L,L,L,L,L,L,L,L,L,C,C,C,L,L,L,L,L,L,L,L,L,L,L,L,L,C,C,C,C,C,C,C,C,C,C,C,C,C,C,C,C,C,C,C,C,C,C,C,-,C,C,C,C,C,C,C,-,C,C,C
99,C,C,C,C,L,L,C,C,C,C,C,C,C,C,C,C,C,C,C,C,C,C,C,C,C,C,C,C,C,C,C,C,C,C,C,C,C,C,C,C,C,C,C,C,C,C,C,C,C,C,C,C,C,C,C,C,C,C,C,C,C,C,C,C,L,L,L,L,-,-,L,L,L,L,L,C,C,C,-,C,C,C,C,C,C,C,C,C,C,C,C,C,C,C,C,C,C,C,C,C,C,C,C,C,C,C,C,C,C,C,C,C,C,C,C,C,C,C,L,L,L,L,L,L,L,L,L,L,L,L,L,L,L,L,L,L,L,L,L,L,L,L,L,L,L,L,L,L,L,L,L,L,L,L,L,L,L,L,L,L,L,L,L,L,L,L,L,C,L,L,L,L,L,L,L,C,C,C,C,C,C,C,C,C,C,L,L,L,L,L,L,L,L,L,L,L,L,L,L,L,L,L,L,L,L,L,L,L,-,L,L,L,L,L,L,L,L,L,L,L,L,L,L,L,L,L,L,L,L,L,-,L,L,L
100,L,L,L,C,C,C,C,C,L,L,C,C,C,L,L,L,L,L,L,L,L,C,C,C,C,C,C,C,C,C,C,C,C,C,C,C,C,C,C,C,C,C,C,C,L,L,L,L,L,L,L,L,L,L,L,C,C,C,C,C,C,C,C,C,C,C,C,C,L,L,L,L,L,C,C,C,C,C,C,C,C,C,C,C,C,C,C,C,C,C,C,C,C,C,C,C,C,C,C,C,C,C,C,C,C,C,C,C,C,C,C,C,C,C,C,C,C,C,C,C,C,C,C,C,C,C,C,C,C,C,C,C,C,C,L,L,L,L,L,L,L,L,L,L,L,L,L,L,L,C,C,C,C,C,C,C,C,C,C,C,C,C,L,L,L,L,L,L,L,L,L,C,C,C,C,C,C,C,C,C,C,C,C,C,C,C,C,C,C,C,C,L,L,L,L,L,L,L,L,L,L,L,L,L,L,L,L,L,L,L,L,L,L,L,L,L,L,L,L,L,L,L,L,L,L,L,L,L,L,L,-,L,L,L
101,C,C,C,C,L,L,L,L,L,L,L,L,L,L,L,L,L,L,L,L,C,C,C,C,C,C,L,C,C,C,C,C,C,C,C,C,C,C,C,C,C,C,C,C,C,C,C,C,C,C,C,C,C,C,C,C,C,C,C,C,C,C,C,C,C,C,L,L,C,C,C,C,C,L,L,L,L,L,L,L,L,L,L,L,L,L,L,L,L,L,-,L,L,L,L,L,L,L,L,L,L,L,-,L,L,C,C,C,C,C,C,C,C,C,C,C,C,C,C,C,C,C,C,C,C,C,C,C,C,C,C,C,C,C,C,C,C,C,C,C,C,C,C,C,C,C,C,C,C,C,C,C,C,C,C,C,C,C,C,C,C,C,C,C,C,C,C,L,L,L,L,L,L,L,L,L,L,L,L,L,L,L,L,L,L,L,L,L,L,L,L,L,L,L,L,L,L,L,L,L,L,L,L,L,L,L,L,L,L,L,L,L,L,L,L,L,L,L,L,L,L,L,L,L,L,L,C,C,C,C,-,C,C,C
102,L,L,L,L,C,C,L,L,L,L,L,L,L,L,L,L,L,L,L,L,L,L,C,C,C,C,C,L,L,L,L,L,L,L,L,L,L,L,L,L,L,L,L,L,L,L,L,L,L,L,L,L,L,L,L,L,L,L,L,L,L,L,L,L,C,C,C,C,C,C,C,C,C,C,C,C,C,C,C,C,C,C,C,C,C,C,L,L,L,L,L,L,L,L,L,L,L,L,L,L,L,L,L,L,L,L,L,L,L,L,L,L,L,L,L,L,L,L,L,L,L,L,L,L,C,C,C,C,C,C,C,C,C,C,C,C,C,C,C,C,C,C,C,C,C,C,C,C,-,C,C,C,C,C,C,C,C,C,C,C,C,C,C,C,C,C,C,C,C,C,C,C,C,C,-,C,C,C,C,C,C,C,C,C,C,C,C,C,C,C,C,C,C,C,C,C,C,C,C,C,C,C,C,C,C,C,L,L,-,C,C,C,C,C,C,C,C,C,C,C,C,C,C,C,C,C,C,C,C,C,-,C,C,C
103,L,L,L,L,L,L,C,C,C,C,C,C,C,C,C,L,L,L,L,L,L,L,L,L,L,C,C,C,C,C,C,C,C,C,C,C,C,C,C,C,C,C,C,C,C,C,C,C,C,C,C,C,C,L,L,L,L,L,L,L,L,L,L,L,L,L,L,L,L,L,L,L,L,L,L,L,L,L,L,L,L,L,L,L,L,L,L,L,L,-,-,L,L,L,L,L,L,L,L,L,L,L,L,L,L,L,L,L,L,L,L,L,L,L,L,L,L,L,C,C,C,C,C,C,C,C,C,C,C,C,C,C,C,C,L,L,L,L,L,L,L,L,L,L,L,L,L,L,L,L,L,L,L,L,L,L,L,L,L,L,L,L,L,L,L,L,L,C,C,L,L,L,L,L,L,L,L,L,L,L,L,L,L,L,L,L,L,L,L,L,L,L,L,L,L,L,L,L,L,L,L,L,L,L,L,L,L,L,L,L,L,L,L,L,L,L,L,L,L,L,L,L,L,L,C,C,C,C,C,C,-,L,L,L
104,C,C,C,C,C,C,C,C,C,C,C,L,L,L,L,L,L,L,L,L,L,L,L,L,L,L,L,L,L,L,L,L,L,L,L,L,L,L,L,L,L,L,L,L,L,L,L,L,L,L,L,L,L,L,L,L,L,L,C,C,C,C,C,C,C,C,C,C,L,L,L,L,L,L,L,L,L,L,L,L,L,L,L,L,L,L,L,L,L,L,L,L,L,L,L,L,L,L,L,L,L,L,L,L,L,L,L,L,L,L,L,L,L,L,L,L,L,L,L,L,L,L,L,L,L,L,L,L,L,L,L,L,L,L,L,L,L,L,L,L,L,L,L,L,L,L,L,L,L,C,C,C,C,C,L,L,L,L,L,L,L,C,C,C,C,C,C,L,L,L,L,L,L,L,L,L,L,L,L,L,L,L,L,L,L,L,L,L,L,L,L,L,L,L,L,L,L,L,L,L,L,L,L,L,L,L,L,L,L,L,L,L,L,L,L,L,L,L,L,L,L,L,L,L,L,L,L,L,L,L,-,L,L,L
105,C,C,C,C,C,C,C,C,C,C,C,C,C,C,C,C,C,C,L,L,L,L,L,L,L,L,C,L,L,L,L,L,L,L,L,L,L,L,L,L,L,L,L,L,L,L,L,L,L,L,L,L,L,L,L,L,L,L,L,L,L,L,L,L,L,L,L,L,L,L,L,L,L,L,L,L,L,L,L,L,-,L,L,L,L,L,L,L,L,L,L,L,L,L,L,L,L,L,L,L,L,L,L,L,L,L,L,L,L,L,L,L,L,L,L,L,L,L,L,L,L,L,L,L,L,L,L,L,L,L,L,L,L,L,L,L,L,L,L,L,L,L,L,L,L,L,L,L,L,L,L,L,L,L,L,L,L,C,C,C,C,C,C,C,C,C,C,L,L,L,L,L,L,L,L,L,L,C,C,C,C,C,C,C,C,C,C,C,C,C,C,L,L,L,L,L,-,L,L,L,L,-,-,-,-,-,L,L,L,L,L,L,L,L,L,L,L,L,C,C,C,C,C,C,C,C,C,C,C,C,-,C,C,C
106,C,C,C,C,L,L,L,L,C,C,C,C,C,L,L,L,L,L,L,L,C,C,C,C,C,C,C,C,C,C,C,C,C,C,C,C,C,C,C,C,C,C,C,C,C,C,C,C,C,C,C,C,C,L,L,L,L,L,L,L,L,L,L,L,C,C,C,C,C,C,-,-,-,C,C,C,C,C,C,L,L,L,L,L,L,L,L,L,L,L,L,L,L,L,L,L,L,L,L,L,L,L,L,L,L,L,L,L,L,L,L,L,L,L,L,L,L,L,L,L,L,L,L,L,L,L,L,-,-,-,-,L,C,C,C,C,C,C,C,C,C,C,C,C,C,C,C,C,L,L,L,L,L,L,L,L,L,L,L,L,L,L,L,L,L,C,C,L,L,L,L,L,L,L,L,L,L,L,L,L,L,L,L,L,L,L,L,L,L,L,L,L,L,L,L,L,L,L,L,L,L,L,L,L,L,L,L,L,L,C,C,C,C,C,C,C,C,C,C,C,C,C,C,C,C,C,C,C,C,C,-,C,C,C
107,L,L,L,L,L,L,L,L,L,L,C,L,L,L,L,C,C,C,C,C,C,C,C,C,C,C,C,C,C,C,C,C,C,C,C,C,C,C,C,C,C,C,C,C,C,C,C,C,C,C,C,C,C,C,C,C,C,C,C,C,C,C,C,C,C,C,C,C,L,L,L,L,L,L,L,L,L,L,L,L,L,L,L,L,L,L,L,L,L,L,L,L,L,L,L,L,L,L,L,L,L,L,L,L,L,L,L,L,L,L,L,L,C,C,C,C,C,C,C,C,C,C,C,C,C,C,C,C,C,C,C,C,L,L,L,L,L,L,L,L,L,L,L,L,L,L,L,L,L,L,L,L,L,L,L,L,L,L,L,L,L,L,L,L,C,C,L,L,L,L,L,L,L,L,L,L,L,C,C,C,C,C,C,C,C,C,C,C,C,L,L,L,L,L,L,L,L,L,L,L,L,L,L,L,C,C,C,C,C,L,L,C,C,C,C,C,C,C,C,C,C,C,C,C,C,C,C,C,C,C,-,L,L,L
108,L,L,L,L,L,L,L,L,L,L,L,-,C,C,C,L,L,L,L,L,L,L,L,L,L,L,C,C,C,C,C,C,C,C,C,C,C,C,C,C,C,C,C,C,C,C,C,L,L,L,L,L,L,L,L,L,L,L,L,L,L,L,L,L,L,L,L,L,L,C,L,L,L,C,C,C,C,C,C,C,C,C,C,C,C,C,C,C,C,C,C,C,C,C,C,C,C,C,C,C,C,C,C,C,C,C,C,C,C,C,C,C,C,C,C,C,C,L,L,L,L,L,L,L,L,L,L,L,L,L,L,L,L,L,C,C,C,C,C,C,C,C,C,C,C,C,C,C,C,C,C,C,C,C,C,C,C,C,C,C,C,C,C,C,C,C,L,L,L,L,L,L,L,L,L,L,L,L,L,L,L,L,L,L,L,L,C,C,C,C,C,C,C,C,C,C,C,C,C,C,C,C,C,C,C,C,L,L,L,C,C,C,C,C,C,C,C,C,C,C,C,C,L,L,L,L,L,L,L,L,-,L,L,L
109,C,L,L,L,L,L,L,L,L,L,L,L,L,L,L,L,L,L,L,C,C,C,C,C,C,C,C,L,L,L,L,L,L,L,L,L,L,L,L,L,L,L,L,L,L,L,L,L,L,L,L,C,C,C,C,C,C,C,C,C,C,C,C,C,C,C,C,C,C,C,C,C,L,L,C,C,L,L,L,L,L,L,L,L,L,L,L,L,-,L,L,L,L,L,L,L,L,L,L,L,L,L,L,L,L,L,L,L,L,L,L,L,L,L,L,L,L,C,C,C,C,C,C,C,C,C,C,C,C,C,C,C,C,C,C,C,C,C,C,C,C,C,C,C,C,C,C,C,C,C,C,C,C,C,C,C,C,C,C,C,C,C,C,C,C,C,C,C,C,C,C,C,C,C,C,L,L,L,L,L,L,L,L,L,L,L,L,L,L,L,L,L,L,L,L,L,L,L,L,L,L,L,L,L,L,L,L,L,L,L,L,L,L,L,L,L,L,L,L,L,L,L,L,L,L,L,L,L,L,L,-,L,L,L
110,C,C,C,C,C,C,C,C,C,C,L,L,L,L,L,L,L,L,L,L,C,C,C,C,C,C,C,C,C,C,C,C,C,C,C,C,C,C,C,C,C,C,C,C,C,C,C,C,C,C,C,C,C,C,C,C,C,C,C,C,C,C,C,C,C,C,C,C,C,C,C,C,C,C,C,C,C,C,C,C,C,C,C,C,C,C,C,C,C,C,C,C,C,C,C,C,C,C,C,C,C,C,-,C,C,C,C,C,C,C,C,C,C,C,C,C,C,C,C,C,C,C,C,C,C,C,C,C,C,C,C,C,C,C,C,C,C,-,C,C,C,C,C,C,C,C,C,C,C,C,C,C,C,C,C,C,C,C,C,C,C,L,L,L,L,L,L,C,C,C,C,C,C,C,C,C,C,C,C,C,C,C,C,L,L,L,L,L,L,L,L,L,L,L,L,L,L,L,L,L,L,L,L,L,L,L,L,L,L,L,L,L,L,L,L,L,L,L,L,L,L,L,L,L,L,L,C,C,C,C,-,C,C,C
111,L,L,L,L,L,L,C,C,L,L,C,C,C,C,C,L,L,L,L,L,L,L,L,L,L,L,L,L,C,C,C,C,C,C,C,C,C,C,C,C,C,C,C,C,C,C,C,C,C,C,C,C,C,C,C,C,C,C,C,C,C,C,C,L,L,L,L,L,L,L,L,L,L,L,L,L,L,L,L,L,L,L,L,L,L,L,L,L,L,L,L,L,L,L,L,L,L,L,L,L,L,L,L,L,L,L,L,L,L,L,L,L,L,L,L,L,L,L,L,L,L,L,L,L,C,C,C,C,C,C,C,C,L,L,L,L,L,L,L,L,L,L,L,L,L,L,L,L,L,L,L,L,L,L,L,L,L,L,L,L,L,L,L,L,L,C,C,L,L,L,L,L,L,L,L,L,L,L,L,L,C,C,C,C,C,C,C,C,C,C,C,C,C,C,C,C,C,C,C,C,C,C,C,C,C,C,C,C,C,C,C,C,C,C,C,C,C,C,C,C,C,C,C,C,C,L,L,L,L,L,-,L,L,L
112,L,C,C,C,C,C,C,C,C,C,C,C,C,L,L,L,L,L,L,L,L,L,L,L,L,L,C,C,C,C,C,C,C,C,C,C,C,C,C,C,C,C,C,C,C,C,C,C,C,C,C,C,C,L,L,L,L,L,L,L,L,L,L,L,L,L,L,L,L,L,C,C,C,C,C,C,C,C,C,C,C,C,C,C,C,C,L,L,L,L,L,L,L,L,L,L,L,L,L,L,L,L,L,L,L,L,L,L,L,L,L,L,L,L,L,L,L,L,L,L,L,L,L,L,C,C,C,C,C,C,C,C,C,C,C,C,C,C,C,C,C,C,C,C,C,C,C,C,C,C,C,C,C,C,C,C,C,C,C,C,C,C,C,C,C,C,L,C,C,C,C,L,L,L,L,L,L,C,C,C,L,L,L,C,C,C,C,C,C,C,C,C,C,C,C,C,C,C,C,C,C,C,C,C,C,C,C,C,-,C,C,C,C,C,C,C,C,C,C,C,C,C,C,C,C,C,C,C,C,C,-,L,L,L
113,C,L,L,L,L,L,L,L,L,L,L,L,L,L,L,L,L,L,L,L,L,L,L,L,C,C,C,C,C,C,C,C,C,C,C,C,C,C,C,C,C,C,C,C,C,C,C,C,C,C,C,C,C,C,C,C,C,C,C,C,L,L,L,L,L,L,L,L,L,L,L,L,L,L,L,L,L,L,L,L,L,L,L,L,-,-,C,C,C,C,C,C,C,C,L,L,L,L,L,L,L,L,L,L,L,L,L,L,L,L,L,L,L,L,L,L,L,L,L,L,L,L,L,L,L,L,L,L,L,L,L,L,C,L,L,L,L,L,L,L,L,L,L,L,L,L,L,L,L,L,L,L,L,L,L,L,L,L,L,L,L,L,C,C,L,C,C,L,L,L,L,L,L,L,L,L,L,L,L,L,L,L,L,L,L,L,L,L,L,C,C,C,C,C,C,C,C,C,C,C,C,C,C,C,C,C,C,C,-,C,C,C,C,C,C,C,C,C,C,C,C,C,C,C,C,C,C,C,C,C,-,C,C,C
114,C,C,C,C,C,C,C,C,C,C,C,C,C,C,L,L,L,L,L,L,C,C,C,C,C,C,C,C,C,C,C,C,C,C,C,C,C,C,C,C,C,C,C,C,C,C,C,C,C,C,C,C,C,C,C,C,L,L,L,L,C,C,C,C,C,C,C,C,L,L,L,L,L,L,L,L,L,L,L,L,L,L,L,L,L,L,L,L,L,L,L,L,L,L,L,L,L,L,L,C,C,C,C,C,C,C,C,C,C,C,C,C,C,C,C,C,C,C,C,C,C,C,C,C,C,C,C,C,L,L,L,L,C,C,C,C,C,C,C,C,C,C,C,C,C,C,C,C,C,C,C,C,C,C,C,C,C,C,C,C,C,C,C,C,C,C,C,C,C,C,C,C,C,C,C,C,C,C,C,C,C,C,C,C,C,C,C,C,C,C,C,C,C,C,C,C,C,C,C,C,C,C,C,C,C,C,C,C,C,C,C,L,L,L,L,L,L,L,L,L,L,L,L,L,C,C,C,C,C,C,-,C,C,C
115,C,C,C,C,C,C,C,C,C,C,C,C,C,C,C,C,C,C,C,C,C,C,C,C,C,C,L,L,L,L,L,L,L,L,L,L,L,L,L,L,L,L,L,L,L,L,L,L,L,L,L,L,L,L,L,L,L,L,L,L,L,L,L,L,L,L,L,L,C,C,C,C,C,C,L,L,L,L,L,L,L,L,L,L,L,L,L,L,L,L,L,L,L,L,L,L,L,L,L,L,L,L,L,L,L,L,L,L,L,L,L,L,L,L,L,L,L,L,L,L,L,L,L,L,L,L,L,L,C,C,C,C,L,L,L,L,L,L,L,L,L,L,L,L,L,L,C,C,C,C,C,C,C,C,C,C,C,C,C,C,C,L,L,L,L,L,L,C,C,C,L,L,L,L,L,L,L,L,L,L,L,L,L,L,L,L,L,L,L,L,-,L,L,L,L,L,L,L,L,L,L,L,L,L,L,L,L,L,-,L,L,L,L,L,L,L,L,L,L,L,L,L,L,L,L,L,L,L,L,L,-,L,L,L
116,L,L,L,L,L,L,L,C,C,C,-,C,C,C,C,L,L,L,L,L,L,L,L,-,-,-,C,C,C,C,C,C,C,C,C,C,C,C,C,C,C,C,C,C,C,C,C,L,L,L,L,L,L,L,L,L,L,L,L,L,L,L,L,L,L,-,L,L,L,L,L,L,L,L,L,L,L,L,L,L,L,C,C,C,C,C,C,C,C,C,C,C,C,C,C,C,C,C,C,C,C,C,C,C,C,C,C,C,C,C,C,C,C,C,L,L,L,L,L,L,L,L,L,L,L,L,L,L,L,L,L,L,L,L,L,L,L,L,L,L,L,L,L,L,L,L,L,L,L,L,L,L,L,L,L,L,L,L,L,L,L,L,L,L,L,L,L,C,C,C,C,C,C,C,C,C,C,C,C,C,C,C,C,C,C,C,C,C,C,C,C,L,L,L,L,L,L,L,L,L,L,L,L,L,L,L,L,L,L,L,L,L,L,L,L,L,L,L,L,L,L,L,L,L,L,L,L,L,L,L,-,L,L,L
117,L,L,L,L,L,L,L,L,L,L,L,L,L,L,L,L,L,L,L,L,C,C,C,C,C,C,C,C,L,L,L,L,L,L,L,L,L,L,L,L,L,L,L,L,L,L,L,L,L,L,L,L,L,L,L,L,L,L,L,L,L,L,L,L,L,L,L,L,L,L,L,L,L,L,L,L,L,L,L,L,L,L,C,C,C,C,L,L,L,L,L,C,C,C,C,C,C,C,C,C,C,C,C,C,C,C,C,C,C,C,C,C,C,C,C,C,C,C,C,C,C,C,C,C,C,C,C,C,C,C,C,C,C,C,L,L,L,L,L,L,L,L,L,L,L,L,L,L,L,L,L,L,L,L,L,L,L,L,L,L,L,L,L,L,C,C,C,C,C,C,C,C,C,C,C,C,C,C,C,C,L,L,L,L,L,L,L,L,L,L,L,C,C,C,C,C,C,C,C,C,C,C,C,C,C,C,C,C,C,L,L,L,L,L,L,L,L,L,L,L,L,L,L,L,C,C,C,C,C,C,-,C,C,C
118,L,L,C,C,C,-,C,C,-,-,C,C,C,C,C,C,C,C,L,L,L,L,L,L,L,L,-,L,L,L,-,L,L,L,L,L,L,L,L,L,L,L,L,L,L,L,L,L,L,L,L,L,L,L,L,L,L,L,L,L,-,L,L,C,C,C,C,C,C,C,C,C,C,C,C,C,C,C,C,C,C,C,C,C,C,-,C,C,L,L,L,L,L,L,L,-,L,L,L,L,L,L,L,-,L,L,L,L,L,L,L,L,L,L,L,L,L,L,L,L,-,L,L,L,L,-,-,-,L,L,L,L,L,L,L,L,L,L,L,L,L,L,L,-,L,L,L,L,L,L,L,L,L,L,L,L,L,L,-,-,L,L,L,L,L,L,L,L,L,-,L,L,L,L,L,L,L,-,L,L,L,L,L,L,L,L,L,-,L,L,L,L,L,L,L,L,L,L,L,L,L,L,L,L,L,L,L,L,-,-,-,L,L,L,L,L,L,L,L,L,L,L,L,L,C,C,C,C,C,C,-,C,C,C
119,L,L,L,L,C,C,C,C,C,C,C,L,-,L,L,L,L,L,L,L,L,L,L,L,L,L,L,L,L,L,L,L,L,L,L,L,L,L,L,L,L,L,L,L,L,L,L,L,L,L,L,L,L,L,L,L,L,L,L,L,L,L,L,L,L,L,L,L,C,C,C,C,C,C,C,C,C,C,C,C,C,C,C,C,C,C,C,C,C,C,C,C,C,C,C,C,C,C,C,C,C,C,C,C,C,C,C,C,C,C,C,C,C,C,C,C,C,C,C,C,C,C,C,C,C,C,C,C,L,L,L,L,L,C,C,C,C,C,C,C,C,C,C,C,C,C,C,C,C,C,C,C,C,C,C,C,C,C,C,C,C,C,C,C,C,C,C,L,L,L,L,L,L,L,L,L,L,L,L,L,L,L,L,L,L,L,L,L,C,C,C,C,C,C,C,C,C,C,C,C,C,C,C,C,C,C,C,C,C,L,L,L,L,L,L,L,L,L,L,L,L,L,L,L,L,L,L,L,L,L,-,L,L,L
120,C,C,C,C,C,C,C,C,L,L,L,L,L,L,L,L,L,L,L,L,L,L,L,L,L,L,L,L,L,L,L,L,L,L,L,L,L,L,L,L,L,L,L,L,L,L,L,L,L,L,L,L,L,C,C,C,C,C,C,C,C,C,C,C,C,C,L,L,C,-,-,-,-,-,-,-,-,-,-,L,L,L,L,L,L,L,L,L,L,L,L,L,C,C,C,C,C,C,C,C,C,C,C,C,C,C,C,C,C,C,C,C,C,C,C,C,C,C,C,C,C,C,C,C,C,C,C,C,C,C,C,C,L,L,L,L,L,L,L,L,L,L,L,L,L,L,L,L,L,L,L,L,L,L,L,L,L,L,L,L,L,L,L,L,L,L,L,L,L,L,L,L,L,L,L,L,L,L,L,L,C,C,C,C,C,C,C,C,C,L,L,L,L,L,L,L,L,L,L,L,L,L,L,L,L,L,L,L,L,C,C,C,C,C,C,C,C,C,C,C,C,C,L,L,L,L,L,L,L,L,-,L,L,L
121,L,L,L,L,C,C,C,C,C,C,C,C,C,C,C,C,L,L,L,L,L,L,L,L,L,C,L,L,L,L,L,L,L,L,L,L,L,L,L,L,L,L,L,L,L,C,C,C,C,C,C,C,C,C,C,C,C,C,C,C,C,C,C,C,C,C,L,L,C,C,C,C,C,C,C,C,C,C,C,C,C,C,C,C,C,C,C,-,L,L,L,L,L,L,L,L,L,L,L,L,L,L,L,L,L,L,L,L,L,L,L,L,L,L,L,L,L,L,L,L,L,L,L,L,L,L,L,L,L,L,L,L,L,C,C,C,C,C,C,C,C,C,C,C,C,C,C,C,C,L,L,L,L,L,L,L,L,L,L,L,L,L,L,L,L,L,L,L,L,L,L,L,L,L,L,L,L,L,L,L,L,L,L,L,L,L,L,L,L,L,L,C,C,C,C,C,C,C,C,C,C,C,C,C,C,C,C,C,C,C,C,C,C,C,C,C,C,C,C,L,L,L,L,L,L,L,L,L,L,L,-,L,L,L
122,L,-,L,L,L,L,L,L,L,L,L,L,L,L,L,L,L,L,L,L,L,L,C,C,C,C,L,C,C,C,C,C,C,C,C,C,C,C,C,C,C,C,C,C,C,C,C,C,C,C,C,-,C,C,C,C,C,C,C,C,C,C,C,C,C,C,C,C,C,C,C,C,C,C,C,C,C,C,C,C,C,C,L,L,L,L,L,L,L,L,L,L,L,L,L,L,L,L,L,L,L,L,L,L,L,L,L,L,L,L,L,L,L,L,L,L,L,L,L,L,L,L,L,L,L,L,L,L,L,L,L,L,L,L,C,C,C,C,C,C,C,C,C,C,C,C,C,C,C,C,C,C,C,C,C,C,C,C,C,C,C,-,C,C,L,L,L,C,C,C,C,C,C,C,C,C,C,C,L,L,L,L,L,L,L,L,L,L,L,L,L,L,L,L,L,L,L,L,L,C,C,L,L,L,L,L,L,L,L,L,L,L,L,L,L,L,L,C,C,C,C,C,C,C,C,C,L,L,L,L,-,L,L,L
123,L,L,L,L,L,L,L,L,L,L,L,L,L,L,L,L,L,L,L,L,L,L,L,L,L,L,L,L,L,L,L,L,L,L,L,L,L,L,L,L,L,L,L,L,L,L,L,L,L,L,L,L,L,L,L,L,L,L,L,L,C,C,C,C,L,L,L,L,L,L,L,L,L,L,L,L,L,L,L,L,L,L,L,L,L,L,L,L,L,L,L,L,L,L,L,L,L,L,L,L,L,L,L,L,L,L,L,L,L,L,L,L,L,L,L,L,L,L,L,L,L,L,L,-,L,L,L,L,L,L,L,L,L,L,C,C,C,C,C,C,C,C,C,C,C,C,C,C,C,C,C,C,C,C,C,C,C,C,C,C,C,C,C,C,C,L,L,C,L,L,L,L,L,L,L,L,L,L,L,L,L,L,L,L,L,L,L,L,L,L,L,L,L,L,L,L,L,L,L,L,L,L,L,L,L,L,L,L,-,L,L,L,L,L,L,L,L,L,L,L,L,L,L,L,L,L,L,L,L,L,-,L,L,L
124,C,C,C,C,C,C,L,L,L,L,L,L,L,L,L,L,L,L,L,L,L,L,L,L,L,L,C,L,L,L,L,L,L,L,L,L,L,L,L,L,L,L,L,L,L,L,L,L,L,L,L,L,L,C,C,C,C,C,C,C,C,C,C,C,C,C,L,L,C,C,C,C,C,L,L,L,L,L,L,L,L,L,L,L,L,L,L,L,L,L,L,L,L,L,L,L,L,L,L,L,L,L,L,L,L,L,L,L,L,L,L,L,L,L,L,L,L,L,L,L,L,L,L,L,L,L,L,L,C,C,C,C,L,L,L,L,L,L,L,L,L,L,L,L,L,L,L,L,L,L,C,C,C,C,C,C,C,C,C,C,C,C,C,C,C,C,L,L,L,L,L,L,L,L,L,L,L,L,L,L,L,L,L,L,L,L,L,L,L,L,L,L,L,L,L,L,L,L,L,L,L,L,L,L,L,L,L,L,L,L,L,L,L,L,L,L,L,L,L,L,L,L,L,L,L,L,L,L,L,L,-,L,L,L
125,C,L,L,L,L,L,L,L,L,L,C,C,C,C,C,C,C,C,C,C,C,C,C,C,C,C,C,C,C,C,C,C,C,C,C,C,C,C,C,C,C,C,C,C,C,C,C,C,C,C,C,C,C,L,L,L,L,L,L,L,L,L,L,L,L,L,L,L,L,L,L,L,L,L,L,L,L,L,L,L,L,L,L,L,L,L,L,L,L,L,L,C,C,C,C,C,C,C,C,C,C,C,C,C,C,C,C,C,C,C,C,C,C,C,C,C,C,C,C,C,C,C,C,C,C,C,C,C,C,C,C,C,C,C,C,C,C,C,C,C,C,C,C,C,C,C,C,C,L,L,L,L,L,L,L,L,L,L,L,L,L,L,L,L,L,L,L,C,C,C,C,C,C,C,C,C,C,C,C,C,C,C,C,C,C,C,C,C,C,L,L,L,L,L,L,L,L,L,L,L,L,L,L,L,L,L,L,L,-,L,L,L,L,L,L,L,L,L,L,L,L,L,L,L,L,L,L,L,L,L,-,L,L,L
126,C,C,C,C,C,C,C,C,C,C,C,L,L,L,L,L,-,-,C,C,C,C,C,C,C,C,L,L,L,L,L,L,L,L,L,L,L,L,L,L,L,L,L,L,L,L,L,L,L,L,L,L,L,L,L,L,L,L,L,L,C,C,C,C,C,C,C,C,L,L,L,L,L,L,L,C,C,C,C,C,C,C,C,C,C,C,C,C,C,C,C,C,C,C,C,C,C,C,C,C,C,C,C,C,C,C,C,C,C,C,C,C,C,C,C,C,C,C,C,C,C,C,C,C,C,C,C,C,C,C,C,C,L,C,C,C,C,C,C,C,C,C,C,C,C,C,C,C,C,C,C,C,C,C,C,C,C,L,L,L,L,L,L,L,L,L,L,L,L,L,L,L,L,L,L,L,L,L,L,L,L,L,L,L,L,C,C,C,L,C,C,C,C,C,C,C,C,C,L,L,L,L,L,L,L,L,L,L,L,L,L,L,L,L,L,L,L,L,L,C,C,C,C,C,L,L,L,L,L,L,-,L,L,L
127,C,C,L,L,L,L,L,L,L,L,C,C,C,C,C,C,C,C,C,C,C,C,C,C,C,C,L,L,L,L,L,L,L,L,L,L,L,L,L,L,L,L,L,L,L,L,L,L,C,C,C,C,C,C,C,C,C,C,C,C,C,C,C,C,C,C,L,L,C,C,-,-,C,C,C,C,C,C,C,C,C,C,C,C,C,C,C,C,C,C,C,C,C,C,C,C,C,C,C,C,C,C,C,C,C,C,C,C,C,C,C,C,C,C,C,C,C,C,C,C,C,C,C,C,C,C,C,C,C,C,C,C,L,L,C,C,C,C,C,C,C,C,C,C,C,C,C,C,C,C,C,C,C,C,C,C,C,C,C,C,C,C,C,C,C,C,C,L,L,C,C,C,C,C,C,C,C,C,C,C,L,L,L,L,L,L,L,L,C,C,C,C,C,C,C,C,C,C,C,C,C,C,C,C,C,C,C,C,-,C,C,C,C,L,L,L,L,L,L,L,L,L,L,L,L,L,L,L,L,L,-,L,L,L
128,C,C,C,C,C,C,C,C,C,C,L,L,L,L,L,L,L,L,C,C,L,L,L,L,L,L,L,L,L,L,L,L,L,L,L,L,L,L,L,L,L,L,L,L,L,L,L,L,L,L,L,L,L,L,L,L,L,L,L,L,L,L,L,L,L,L,L,L,C,C,C,C,C,C,C,C,C,C,C,C,C,C,C,C,C,C,C,C,C,C,C,C,C,C,C,C,C,C,C,C,C,C,C,C,C,C,C,C,C,C,C,C,C,C,C,C,C,C,C,C,C,C,C,C,C,C,C,C,C,C,C,C,C,C,C,C,C,C,C,C,C,C,C,C,C,C,C,C,C,C,C,C,C,C,C,C,C,C,C,C,C,C,C,C,C,C,L,C,C,C,C,L,L,L,L,L,L,L,L,L,L,L,L,L,L,L,L,L,L,L,L,L,L,L,L,L,L,L,L,L,L,L,L,L,L,L,L,L,L,L,L,L,L,L,L,L,L,L,L,L,L,L,L,L,L,L,L,L,L,L,-,L,L,L
129,L,L,L,L,L,L,L,L,L,L,L,L,L,L,L,L,L,L,L,L,L,L,L,L,L,L,C,C,C,C,C,C,C,C,C,C,C,C,C,C,C,C,C,C,C,C,C,C,C,C,C,C,C,C,C,C,C,C,C,C,C,C,C,C,C,C,C,C,L,L,L,L,L,L,L,L,L,L,L,L,L,L,L,L,L,L,L,L,L,L,L,L,C,C,C,C,C,C,C,C,C,C,C,C,C,C,C,C,C,C,C,C,C,C,C,C,C,C,C,C,C,C,C,C,C,C,C,C,C,C,C,C,C,L,L,L,L,-,L,L,L,L,L,L,L,L,L,L,L,L,L,L,L,L,L,L,L,L,L,L,L,C,C,C,C,C,C,L,L,L,L,L,L,L,L,L,L,L,L,L,L,L,L,L,L,C,C,C,C,C,C,C,C,C,C,C,C,C,C,C,C,C,C,C,C,C,C,C,C,C,C,C,C,C,C,C,C,C,C,C,C,C,C,C,C,C,C,C,C,C,-,C,C,C
130,L,L,L,L,L,L,L,L,L,C,C,C,C,C,C,C,C,C,C,C,C,C,C,C,C,C,L,L,L,L,L,L,L,L,L,L,L,L,L,L,L,L,L,L,L,L,L,L,L,L,L,L,L,L,L,L,L,L,L,L,L,L,L,L,L,L,C,C,L,L,L,L,L,L,L,L,L,L,L,L,L,L,L,L,L,L,L,L,L,L,L,L,C,C,C,C,C,C,C,C,C,C,C,C,C,C,C,C,C,C,C,C,C,C,C,C,C,C,C,C,C,C,C,C,C,C,C,C,C,L,L,L,C,C,C,C,C,C,C,C,C,C,C,C,C,C,C,C,C,C,C,C,C,C,C,C,C,C,C,C,C,C,C,C,C,C,C,C,C,C,C,L,L,L,L,L,L,L,L,L,L,L,L,C,C,C,C,C,C,C,C,C,C,C,C,C,C,C,C,C,C,C,C,C,C,C,C,C,C,C,C,C,C,C,C,C,C,C,C,C,C,C,C,C,C,C,C,C,C,C,-,C,C,C
131,L,L,L,L,L,L,L,L,L,L,C,C,C,C,C,-,-,-,L,L,L,L,C,C,L,L,C,C,C,C,C,C,C,C,C,C,C,C,C,C,C,C,C,C,C,C,C,C,C,C,C,C,C,C,C,C,C,C,C,C,C,C,C,C,C,C,C,C,L,L,L,L,L,C,C,-,C,C,C,C,C,C,C,C,C,C,-,-,-,-,-,-,C,C,C,C,C,C,C,C,C,C,C,C,C,C,C,C,C,C,C,C,C,C,C,C,C,C,C,C,C,C,C,C,C,C,C,C,C,C,C,C,-,L,L,L,L,L,L,L,L,L,L,L,L,L,L,L,L,L,L,L,L,L,L,L,L,L,L,L,L,L,C,C,C,C,C,L,L,L,L,L,L,L,L,L,L,L,L,L,L,L,L,L,L,C,C,C,C,C,C,C,C,C,C,C,C,C,C,C,C,C,C,C,C,C,C,C,C,C,C,C,C,L,L,L,L,L,L,L,L,L,L,L,L,C,-,-,-,-,-,L,L,L
132,C,C,C,C,C,C,C,C,C,C,C,C,C,C,C,C,C,C,C,C,C,C,C,C,C,L,L,L,L,L,L,L,L,L,L,C,C,C,C,C,C,C,C,C,C,C,C,C,C,C,L,L,L,L,L,L,L,L,L,L,L,L,L,L,L,L,L,L,L,L,L,L,L,L,L,L,L,L,L,L,L,L,L,L,L,L,L,L,L,L,L,L,L,L,L,L,L,L,L,L,L,L,L,L,L,L,L,L,L,L,L,L,L,L,L,L,L,L,C,C,C,C,C,C,C,C,C,C,C,C,C,C,L,C,L,L,L,L,L,L,L,L,L,L,L,L,L,L,L,L,L,L,L,L,L,L,L,L,L,L,L,L,L,L,L,L,L,L,L,L,L,L,L,L,L,L,L,L,L,L,L,L,L,L,L,L,C,C,C,C,C,L,L,L,L,L,L,L,L,L,L,L,L,L,C,C,L,L,L,L,L,L,L,L,L,L,L,L,L,L,L,L,L,L,L,L,L,L,L,L,-,L,L,L
133,C,C,C,C,C,C,C,C,C,C,L,L,C,C,L,L,L,L,L,L,L,L,L,L,L,C,C,C,C,L,L,L,L,L,L,L,L,L,L,L,L,L,L,L,L,L,L,L,L,L,L,L,C,C,C,L,L,L,L,L,L,L,L,L,L,-,L,L,L,L,L,L,L,L,L,L,L,L,L,L,L,L,L,L,L,L,L,L,L,L,L,L,L,L,L,L,L,L,L,L,L,L,L,L,L,L,L,L,L,L,L,L,L,L,L,L,L,L,L,L,L,L,L,L,L,L,L,L,L,L,L,L,L,L,C,C,C,C,C,C,C,C,C,C,C,C,C,C,C,C,C,C,C,C,C,C,C,C,C,C,C,C,C,C,C,C,C,L,L,L,L,L,L,L,L,L,L,L,L,L,L,L,L,L,L,L,L,L,L,L,C,C,C,C,C,C,C,C,C,C,C,C,C,C,C,C,-,L,L,L,L,L,L,L,L,L,L,L,L,L,L,L,L,L,L,L,L,L,L,L,-,L,L,L
134,-,L,L,L,L,L,C,C,C,C,C,C,C,C,C,-,C,C,L,L,L,L,L,L,L,L,C,C,C,C,C,C,C,C,C,C,C,C,C,C,C,C,C,C,C,C,L,L,L,L,L,C,C,C,C,C,C,C,C,C,C,C,C,C,C,C,C,C,L,L,L,L,L,L,L,L,L,L,L,L,L,L,L,L,L,L,L,L,C,C,C,C,L,L,L,L,L,L,L,L,L,L,L,L,L,L,L,L,L,L,L,L,L,L,L,C,C,C,L,L,L,L,L,L,L,C,C,C,C,C,C,C,-,C,C,C,C,C,C,C,C,C,C,C,C,C,C,C,C,C,C,C,C,C,C,C,C,C,C,C,C,C,C,C,L,L,L,L,L,L,L,L,L,-,L,L,L,L,L,L,L,L,L,L,L,L,L,L,L,L,L,L,L,L,L,L,L,L,L,L,L,L,L,L,C,C,C,C,C,C,C,C,C,C,C,C,C,C,C,C,C,C,C,C,C,C,C,C,C,C,-,L,L,L
135,C,C,C,C,C,C,C,L,L,L,L,C,C,L,L,L,L,L,L,L,L,L,L,L,L,L,L,L,L,L,L,L,L,L,L,L,L,L,L,L,L,L,L,L,L,L,L,L,L,L,L,L,L,L,L,L,L,L,L,L,L,L,L,L,L,L,L,L,C,L,L,L,L,L,L,L,L,L,L,L,L,L,L,L,L,L,L,L,L,L,L,L,L,L,L,L,L,L,L,L,L,L,L,L,L,L,L,L,L,L,L,L,L,L,L,L,L,L,C,C,C,C,C,C,C,C,C,C,C,C,C,C,C,C,C,C,C,C,C,C,C,C,C,C,C,C,C,C,C,C,C,C,C,C,C,C,C,C,C,C,C,C,C,C,C,C,L,C,C,C,C,C,C,C,L,L,L,L,L,L,L,L,L,L,L,L,L,L,L,L,L,L,L,L,L,L,L,L,L,L,L,L,L,L,L,L,L,L,L,L,L,L,L,L,L,L,L,L,L,L,L,L,L,L,L,L,L,L,L,L,-,L,L,L
136,L,C,C,C,L,L,L,L,L,L,L,L,L,C,C,L,L,L,L,L,L,L,L,L,L,L,C,C,C,C,C,C,C,C,C,C,C,C,C,C,C,C,C,C,C,C,C,C,C,C,C,C,C,C,C,C,L,L,L,L,L,L,L,L,L,L,L,L,C,C,L,L,L,L,L,L,L,L,L,L,L,L,C,C,C,C,C,C,L,L,L,L,L,L,L,L,L,L,L,L,L,L,L,L,L,L,L,L,L,L,L,L,L,L,L,L,L,L,L,L,L,L,L,L,L,L,L,L,L,L,L,L,L,L,L,L,L,L,L,L,L,L,L,L,L,L,L,L,L,L,L,L,L,L,L,L,L,L,L,L,L,C,C,C,C,L,L,L,L,L,L,L,L,L,L,L,L,L,L,L,L,L,L,L,L,L,L,L,L,L,L,L,L,L,L,L,L,L,L,L,L,L,L,L,L,L,L,L,L,L,L,L,L,L,L,L,L,L,L,L,L,L,C,C,C,C,C,C,C,C,-,C,C,C
137,C,C,C,C,C,C,C,C,C,C,L,L,L,L,L,L,L,L,L,L,L,L,L,L,L,L,L,L,L,L,L,L,L,L,L,L,L,L,L,L,L,L,L,L,L,L,L,L,L,L,L,L,L,L,L,L,L,L,L,L,L,L,L,L,L,L,L,L,C,C,C,C,C,C,C,C,C,C,C,C,C,C,C,C,C,C,C,C,C,C,C,C,L,L,L,L,L,L,L,L,L,L,L,L,L,L,L,L,L,L,L,L,C,C,C,C,C,C,C,C,C,C,C,C,C,C,C,C,C,C,C,C,C,C,L,L,L,L,L,L,L,L,L,L,L,L,L,L,L,L,L,L,L,L,L,L,L,L,L,L,L,L,L,L,L,C,C,L,L,L,L,L,L,L,L,L,L,L,C,C,L,L,L,L,L,L,L,L,L,L,L,C,C,C,C,C,C,C,C,C,C,C,C,C,C,C,C,C,C,C,C,C,C,C,C,C,C,C,C,C,C,C,C,C,C,C,C,C,C,C,-,C,C,C
138,C,C,C,C,C,C,C,C,L,L,L,C,C,C,C,C,C,C,C,C,C,C,C,C,C,C,L,L,L,L,L,L,L,L,L,L,L,L,L,L,L,L,L,L,L,L,L,L,L,L,L,L,L,C,C,C,C,C,C,C,C,C,C,C,C,C,C,C,C,C,C,C,C,C,C,C,C,C,C,C,C,C,C,C,C,C,C,C,C,C,C,C,C,C,C,C,C,C,C,C,C,C,C,C,C,C,C,C,C,C,C,C,C,C,C,C,C,L,L,-,L,L,L,L,L,L,L,L,L,L,L,L,L,L,L,L,L,L,L,L,L,L,L,L,L,L,L,L,L,L,L,L,L,L,L,L,L,L,L,L,L,L,L,L,L,L,L,C,C,C,C,C,C,C,C,C,C,C,C,C,C,C,C,C,C,C,C,C,C,C,C,C,C,C,C,C,C,C,C,C,C,C,C,C,C,C,L,L,L,L,L,L,L,L,L,L,L,L,L,L,L,L,L,L,C,C,C,C,C,C,-,C,C,C
139,L,L,L,L,L,L,L,L,C,C,C,C,C,C,C,C,C,L,L,L,L,L,L,L,L,L,L,L,L,L,L,L,L,L,L,L,L,L,L,L,L,L,L,L,L,L,L,L,L,L,L,L,L,L,L,L,L,L,L,L,L,L,L,L,L,L,L,L,C,C,L,L,L,L,L,L,L,L,L,L,L,L,L,L,L,L,L,L,L,L,L,L,L,L,L,L,L,L,L,L,L,L,L,L,L,L,L,L,L,L,L,L,L,L,L,L,L,L,L,L,L,L,L,L,L,L,L,C,C,C,C,C,C,C,C,C,C,C,C,C,C,C,C,C,C,C,C,C,C,C,C,C,C,C,C,C,C,C,C,C,C,C,C,C,C,C,C,L,L,L,L,L,L,L,L,L,L,L,L,L,L,L,L,L,L,L,L,L,L,L,L,C,C,C,C,C,C,C,C,C,C,C,C,C,C,C,C,C,C,C,C,C,C,C,C,C,C,C,C,C,C,C,C,C,C,C,L,L,L,L,-,C,C,C
140,L,L,L,L,L,L,C,C,C,C,C,C,C,C,C,C,C,C,L,L,L,L,C,C,C,C,C,L,L,C,C,C,C,C,C,C,C,C,C,C,C,C,C,C,C,C,C,C,L,L,L,L,L,L,L,L,L,L,L,L,L,L,L,L,L,L,L,L,L,L,L,L,L,L,L,C,C,L,L,L,L,L,L,L,L,L,L,L,L,L,L,L,L,L,L,L,L,L,L,L,L,L,L,L,L,L,L,L,L,L,C,C,C,C,C,C,C,C,C,C,C,C,C,C,C,C,C,C,C,C,C,C,C,C,C,C,C,C,C,C,C,C,C,C,C,C,C,C,L,L,L,L,L,L,L,L,L,L,L,L,L,L,L,L,L,L,L,L,L,L,L,L,L,L,L,L,L,L,L,L,L,L,L,L,L,L,L,L,L,L,L,L,L,L,L,L,L,L,L,L,L,L,L,L,L,L,L,L,L,L,L,L,L,L,L,L,L,L,L,L,L,L,L,L,L,L,L,L,L,L,-,L,L,L
141,C,C,C,C,C,C,C,C,C,C,C,C,C,C,C,C,C,C,C,C,C,C,C,C,C,C,L,L,C,C,C,C,C,C,C,C,C,C,C,C,C,C,C,C,C,C,C,L,L,L,L,L,L,L,L,L,L,L,L,L,L,L,L,L,L,L,L,L,C,C,C,C,C,C,C,C,L,L,L,L,L,L,L,L,L,L,L,L,L,L,L,L,L,L,L,L,L,L,L,L,L,L,L,L,L,L,L,L,L,L,L,L,L,L,L,C,C,C,C,C,C,C,C,C,C,C,C,C,C,C,C,C,C,C,C,C,C,C,C,C,C,C,C,C,C,C,C,C,C,C,C,C,C,C,C,C,C,C,C,C,L,L,L,L,L,L,L,C,C,C,C,C,C,C,C,L,L,L,L,L,L,L,L,L,L,L,L,L,L,L,L,L,L,L,L,L,L,L,L,L,L,L,L,L,L,L,L,L,L,L,L,L,L,L,L,L,L,L,L,L,L,L,L,L,L,L,L,L,L,L,-,L,L,L
142,C,C,C,C,C,C,L,L,C,C,C,C,C,C,C,L,L,-,L,L,L,L,L,L,L,L,C,C,C,C,C,C,C,C,C,C,C,C,C,C,C,C,C,C,C,C,C,C,C,C,C,-,C,C,C,C,C,C,C,C,L,L,L,L,L,L,L,L,L,C,C,C,C,C,C,C,C,C,C,C,C,C,C,C,C,L,L,L,L,L,L,C,C,C,C,C,C,C,C,C,C,C,C,C,C,C,C,C,C,C,C,C,C,C,C,C,C,C,C,C,C,C,C,C,C,C,C,C,C,C,C,C,L,L,L,L,L,L,L,L,L,L,L,L,L,L,L,L,L,L,L,L,L,L,L,L,L,L,L,L,L,L,L,L,L,L,L,C,C,C,C,L,L,L,L,L,L,L,L,L,L,L,L,C,C,C,L,L,L,L,L,L,L,L,L,L,L,L,L,L,L,L,L,L,L,L,L,L,L,L,L,L,L,L,L,L,L,L,L,L,L,L,L,L,L,L,L,L,L,L,-,L,L,L
143,C,C,C,C,C,C,C,C,C,C,L,L,L,L,L,L,L,L,L,L,L,L,L,L,L,L,L,L,C,C,C,C,C,C,C,C,C,C,C,C,C,C,C,C,C,C,C,C,C,C,C,C,C,C,C,C,C,C,C,C,C,C,C,C,C,C,C,C,L,L,L,L,L,L,L,L,L,L,L,L,L,L,L,L,C,C,C,C,C,C,C,C,C,C,C,C,C,C,C,C,C,C,C,C,C,C,C,C,C,C,C,C,C,C,C,C,C,C,C,C,C,C,C,C,C,C,C,C,C,C,C,C,C,C,C,C,C,C,C,C,C,C,C,C,C,C,C,C,C,C,C,C,C,C,C,C,C,L,L,L,L,L,L,L,L,L,C,L,L,L,L,L,L,L,L,L,C,C,C,C,C,C,C,L,L,L,L,L,L,L,L,L,L,L,L,L,L,L,L,L,L,L,L,L,L,L,L,L,L,L,L,L,L,L,L,L,L,L,L,L,L,L,C,C,L,L,L,L,L,L,-,C,C,C
144,C,C,C,C,C,C,C,C,L,L,C,C,C,C,C,C,C,C,C,C,C,C,C,C,C,C,C,C,C,C,C,C,C,C,C,C,C,C,C,C,C,C,C,C,C,C,C,C,C,C,C,L,L,L,L,L,L,L,L,L,L,L,L,L,L,L,L,L,L,L,L,L,L,L,C,C,C,C,C,C,C,L,L,L,L,L,L,L,L,L,L,L,L,L,L,L,L,L,L,L,L,L,L,L,L,L,L,L,L,L,L,L,L,L,L,L,L,L,L,L,L,L,L,L,L,L,L,L,L,L,L,L,L,L,L,L,L,L,L,L,L,L,L,L,L,L,L,L,L,L,L,L,L,L,L,L,L,L,L,L,L,L,L,L,L,L,L,C,C,C,C,C,C,C,C,C,C,C,C,C,C,C,C,C,C,C,C,C,L,L,L,C,C,C,C,C,C,C,C,C,C,C,L,L,L,L,L,L,L,L,L,C,C,C,C,C,C,C,C,C,C,C,C,C,C,C,C,C,C,C,-,C,C,C
145,C,C,C,C,C,C,C,C,C,C,C,C,C,L,L,L,L,L,C,C,C,C,C,C,C,L,L,C,C,C,C,C,C,C,C,C,C,C,C,C,C,C,C,C,C,C,C,C,C,C,C,C,C,C,C,C,C,C,C,C,C,C,C,L,L,L,L,L,L,L,L,L,L,L,L,L,L,L,L,L,L,L,L,L,L,L,L,L,L,L,L,L,C,C,C,C,C,C,C,C,C,C,C,C,C,C,C,C,C,C,C,C,C,C,C,C,C,C,C,C,C,C,C,C,C,C,C,C,C,C,C,C,L,L,L,L,L,L,L,L,L,L,L,L,L,L,L,L,C,C,C,C,C,C,C,C,C,C,C,C,C,L,L,L,L,L,C,L,L,L,L,L,L,L,L,L,L,L,L,L,L,L,L,L,L,L,L,L,L,L,L,L,L,L,L,L,L,L,L,L,L,L,L,L,L,L,L,L,L,L,L,L,L,L,L,L,L,L,L,L,L,L,L,L,L,L,L,L,L,L,-,L,L,L
146,C,C,C,C,C,C,C,C,C,C,-,-,-,-,C,L,L,L,L,L,C,C,C,C,C,C,L,L,L,L,L,L,L,L,L,L,L,L,L,L,L,L,L,L,L,L,L,L,L,L,L,L,L,L,L,L,L,L,L,L,L,L,L,L,L,L,L,L,C,C,C,C,C,C,C,C,C,C,C,C,C,C,C,C,C,C,C,C,C,C,C,C,C,C,C,C,C,C,C,C,C,C,C,C,C,C,C,C,C,C,C,C,C,C,C,C,C,C,C,C,C,C,C,C,C,C,C,C,C,C,C,C,C,C,C,-,C,C,C,C,C,L,L,L,L,L,L,L,L,L,L,L,L,L,L,L,L,L,L,L,L,L,L,L,L,L,L,L,L,L,L,L,L,L,L,L,L,L,L,L,L,L,L,L,L,L,L,L,L,L,L,L,L,L,L,L,L,L,L,L,L,L,L,L,L,L,L,L,L,L,L,L,L,L,L,L,L,L,L,L,L,L,L,L,L,L,L,L,L,L,-,L,L,L
147,C,C,L,L,C,C,C,C,C,C,C,C,C,C,C,C,L,L,L,L,L,L,C,C,C,L,C,C,C,C,C,C,C,C,C,C,C,C,C,C,C,C,C,C,C,C,C,C,C,C,C,C,C,C,C,C,C,C,C,C,C,C,C,C,C,L,L,L,L,L,L,L,L,L,L,L,L,L,L,L,L,L,L,L,L,L,L,L,L,L,L,L,L,L,L,L,L,L,L,L,L,L,L,L,L,L,L,L,L,L,L,L,L,L,L,L,L,L,L,L,L,L,L,L,L,L,L,L,L,L,L,L,C,C,C,C,C,C,C,C,C,C,C,C,C,C,C,C,C,C,L,L,L,L,L,L,L,L,L,L,L,C,C,C,C,C,C,L,L,L,L,L,L,L,L,C,C,C,C,C,C,C,C,C,C,C,C,C,C,C,C,C,C,C,C,C,C,C,C,C,C,C,C,C,C,C,C,C,C,C,C,C,C,C,C,C,C,C,C,C,C,C,C,C,L,L,L,L,L,L,-,L,L,L
148,L,C,C,C,C,C,C,C,C,C,C,C,C,C,C,L,L,L,L,L,L,L,L,C,C,C,L,-,L,L,L,L,L,L,L,L,L,L,L,L,L,L,L,L,L,L,L,L,L,L,L,L,L,L,L,L,L,L,L,L,L,L,L,L,L,L,L,L,C,C,C,C,C,C,C,C,C,C,C,C,C,C,C,C,C,C,C,C,C,C,C,C,C,C,C,C,C,C,C,C,C,C,C,C,C,C,C,C,C,C,C,C,C,C,C,C,C,C,C,C,C,C,C,C,C,C,C,C,C,C,C,C,L,L,L,L,L,L,L,L,L,L,L,L,L,L,L,L,L,L,L,L,L,L,C,C,C,L,L,L,L,L,L,L,L,C,C,C,C,C,C,C,C,C,C,C,C,C,C,C,C,C,C,C,C,C,C,C,C,L,L,L,L,L,L,L,L,L,L,L,L,L,L,L,L,L,L,L,L,L,L,L,L,L,L,L,L,L,L,L,L,L,L,L,L,L,L,L,L,L,-,L,L,L
149,L,L,L,C,C,C,C,C,C,C,C,L,L,L,L,L,L,L,L,L,L,L,L,L,L,L,L,L,L,L,L,L,L,L,L,L,L,L,L,L,L,L,L,L,L,L,L,L,L,L,L,L,L,L,L,L,L,L,L,L,L,L,L,L,L,C,C,C,L,L,L,L,L,L,L,L,L,L,L,L,L,L,L,C,C,C,C,C,C,C,C,C,C,C,C,C,C,C,C,C,C,C,C,C,C,L,L,L,L,L,L,L,L,L,L,L,L,L,L,L,L,L,L,L,L,L,L,L,L,L,L,L,L,L,L,L,L,L,L,L,L,L,L,L,L,L,L,L,L,L,L,L,L,L,C,C,C,C,C,C,C,C,C,C,C,C,C,L,L,L,L,L,L,L,L,L,L,L,L,L,L,L,L,L,L,L,L,L,C,C,C,L,L,L,L,L,L,L,L,L,L,L,L,L,L,L,L,L,-,L,L,L,L,L,L,L,L,L,L,L,L,L,L,L,L,L,L,L,L,L,-,L,L,L
150,C,C,C,C,C,C,C,C,C,C,C,C,C,C,C,C,L,L,L,L,L,L,L,L,L,L,C,C,C,C,C,C,C,C,C,C,C,C,C,C,C,C,C,C,C,C,C,C,L,L,L,L,L,L,L,L,L,L,L,L,L,L,L,L,L,L,C,C,L,L,L,L,L,L,L,L,L,L,L,L,L,L,L,L,L,L,L,L,L,L,L,L,L,L,L,L,L,L,L,L,L,L,L,L,L,L,L,L,L,L,L,L,L,L,L,L,L,L,L,L,L,L,L,L,L,L,L,L,L,L,L,L,L,L,L,L,L,L,L,L,L,L,L,L,L,L,L,L,L,L,L,L,L,L,L,L,L,L,L,L,L,L,L,L,L,L,L,C,C,L,L,L,L,L,L,L,L,L,L,L,L,L,L,C,C,C,C,C,C,L,L,L,L,L,L,L,L,L,L,L,L,L,L,L,L,L,L,L,L,L,L,L,L,L,L,L,L,L,L,L,L,L,L,L,L,L,L,L,L,L,-,L,L,L
151,L,C,C,L,L,L,L,L,C,C,C,C,C,C,C,C,C,L,L,L,C,C,C,C,C,L,C,C,C,C,C,C,C,C,C,C,C,C,C,C,C,C,C,C,C,L,L,L,L,L,L,L,L,L,C,C,C,C,C,C,C,C,C,C,C,L,L,L,L,L,L,L,L,L,L,L,L,L,L,L,L,L,L,L,L,L,L,L,L,L,L,L,L,L,L,L,L,L,L,L,L,L,L,L,L,L,L,L,L,C,C,C,C,C,C,C,C,C,C,C,C,C,C,C,C,C,C,C,C,C,C,C,C,L,L,L,L,L,L,L,L,L,L,L,L,L,-,-,-,C,C,C,C,C,L,L,L,L,L,L,L,L,L,L,L,C,C,C,C,C,C,C,C,C,C,C,C,C,C,C,C,C,C,C,C,C,C,C,C,L,L,L,L,L,L,L,L,L,L,L,L,L,L,L,L,L,L,L,L,L,L,L,L,L,L,L,L,L,L,L,L,L,L,L,L,L,C,C,C,C,-,C,C,C
152,C,C,C,C,C,C,L,L,L,L,L,L,L,L,L,C,C,C,C,C,L,L,C,C,C,C,C,C,C,C,C,L,L,L,L,L,L,L,L,L,L,L,L,L,L,L,L,L,L,L,L,L,L,L,L,L,L,L,L,L,L,L,L,L,L,L,L,L,L,L,L,L,L,L,L,L,L,L,L,L,L,L,L,L,L,L,L,L,-,L,L,L,L,L,L,L,L,L,L,L,L,L,L,L,L,L,L,L,L,L,L,L,-,L,L,L,L,L,L,L,L,L,L,L,L,L,L,L,C,C,C,C,L,C,C,C,C,C,C,C,C,C,C,C,C,C,C,C,C,C,L,L,L,L,L,L,L,L,L,L,L,L,L,L,C,C,L,L,L,L,L,L,L,L,L,L,L,L,L,L,L,L,L,C,C,C,C,C,C,L,C,C,C,C,C,C,C,C,C,C,C,C,C,C,C,C,C,C,C,C,C,C,C,C,C,C,C,C,C,C,C,L,L,L,L,L,L,L,L,L,-,L,L,L
153,C,C,C,C,C,C,C,C,C,C,C,C,C,C,C,C,L,L,L,L,L,L,L,C,C,C,C,C,C,C,C,C,C,C,C,C,C,C,C,C,C,C,C,C,C,C,C,C,C,C,C,C,C,C,C,L,L,L,L,L,L,L,L,L,L,L,L,L,L,L,L,L,L,L,L,L,L,L,L,L,L,L,L,L,L,L,L,L,L,L,L,L,L,L,L,L,L,L,L,L,L,L,L,L,L,L,L,L,L,L,L,L,L,L,L,L,L,L,L,L,L,L,L,L,L,L,L,L,L,L,L,L,C,C,C,C,C,C,C,C,C,C,C,C,C,C,C,C,C,C,C,C,C,C,C,C,C,C,C,L,L,L,L,L,L,C,C,L,L,L,L,L,L,L,L,L,L,L,L,L,L,L,L,L,L,L,L,L,L,L,L,L,L,L,L,L,L,L,L,L,L,L,C,C,C,C,C,C,C,C,C,C,C,C,C,C,C,C,C,C,C,C,C,C,C,C,C,C,C,C,-,L,L,L
154,C,C,C,C,C,C,C,C,C,C,C,C,C,C,C,C,C,C,C,C,C,C,C,C,L,L,C,C,C,C,C,C,C,C,C,C,C,C,C,C,C,C,C,C,C,C,L,L,L,L,C,C,C,C,L,L,L,L,L,L,L,L,L,L,L,L,C,C,L,L,L,L,L,L,L,L,L,L,L,L,L,L,L,L,L,L,L,L,C,C,C,C,C,C,C,C,C,C,C,C,C,C,C,C,C,C,C,C,C,C,C,C,C,C,C,C,C,C,C,C,C,C,C,C,C,C,C,L,L,L,L,L,L,L,L,L,L,L,L,L,L,L,L,L,L,L,L,L,L,C,C,C,C,C,C,C,C,C,C,C,C,C,C,C,C,C,C,L,L,L,L,L,L,L,L,L,L,L,L,L,L,L,L,L,L,L,L,L,L,L,L,L,L,L,L,L,L,L,L,L,L,L,L,L,L,L,L,L,L,L,L,L,L,L,L,L,L,L,L,L,L,L,L,L,L,L,L,L,L,L,-,L,L,L
155,C,-,C,C,C,C,C,C,C,C,C,C,C,C,C,C,C,C,C,C,C,C,C,C,C,C,L,L,C,C,C,C,C,C,C,C,C,C,C,C,C,C,C,C,C,C,C,C,C,C,C,C,C,C,C,C,C,C,C,C,C,C,C,C,C,C,C,C,L,L,L,L,L,L,L,L,L,L,L,L,L,L,L,L,L,L,L,L,L,L,L,L,L,L,L,L,L,L,L,L,L,L,L,L,L,L,L,L,L,L,L,L,L,L,L,L,L,L,L,L,L,L,L,L,L,L,L,L,C,C,C,C,L,L,C,C,C,C,C,C,C,C,C,C,C,C,C,C,C,C,C,C,C,C,C,C,C,C,C,C,C,C,C,C,C,C,C,L,L,L,L,L,L,L,L,L,L,L,L,L,L,L,L,L,L,L,L,L,L,L,L,L,L,L,L,L,L,L,L,L,L,L,L,L,L,L,L,L,-,-,L,L,L,L,L,L,L,L,L,L,L,L,L,L,L,L,L,L,L,L,-,L,L,L
156,L,L,L,L,C,C,C,C,C,C,C,C,L,L,L,L,L,L,L,L,L,L,L,-,L,L,C,C,C,C,C,C,C,C,C,C,C,C,C,C,C,C,C,C,C,C,C,C,C,C,C,C,C,L,L,L,L,L,L,L,L,L,L,L,L,L,L,L,C,C,C,C,C,C,C,C,C,C,C,C,C,C,C,C,C,C,C,C,C,C,C,C,C,C,C,C,C,C,C,C,C,C,C,C,C,C,C,C,C,C,C,C,L,L,L,L,L,L,L,L,L,L,L,L,L,L,L,L,L,L,L,L,C,C,C,C,C,C,C,C,C,C,C,C,C,C,C,C,L,L,L,L,L,L,L,L,L,L,L,L,L,L,L,L,L,L,L,C,C,C,C,C,C,C,C,C,C,C,C,C,C,C,C,C,C,C,C,C,C,C,C,C,C,C,C,C,C,C,C,L,L,L,L,L,L,L,L,L,L,-,L,L,L,L,L,L,L,L,L,L,L,L,L,L,L,L,L,L,L,L,-,L,L,L
157,L,L,L,L,L,L,L,L,C,C,C,C,C,C,C,C,C,C,C,C,C,C,C,C,C,C,L,-,L,L,L,L,L,L,L,L,L,L,L,L,L,L,L,L,L,L,L,L,L,L,L,L,L,L,L,L,L,L,L,L,L,L,L,L,L,L,L,L,L,L,L,L,L,L,L,L,L,L,L,L,L,L,L,L,L,L,L,L,L,L,L,L,L,L,L,L,L,L,L,L,L,L,L,L,L,C,C,C,C,C,C,C,C,C,C,C,C,C,C,C,C,C,C,C,C,C,C,C,C,C,C,C,L,L,L,L,L,L,L,L,L,L,L,L,L,L,L,L,L,L,L,L,L,L,L,L,L,L,L,L,L,L,L,L,L,L,L,C,C,C,C,C,C,C,C,C,C,C,C,C,C,C,C,C,C,C,C,C,C,C,L,L,L,L,L,L,L,L,L,L,L,L,L,L,L,L,L,L,L,L,L,L,L,L,L,L,L,L,L,L,L,L,L,L,C,C,L,L,L,L,-,L,L,L
158,-,C,C,C,C,C,C,C,C,C,C,L,L,L,L,L,L,L,L,L,L,L,L,L,L,L,C,C,L,L,L,L,L,L,L,L,L,L,L,L,L,L,L,L,L,L,L,L,L,L,L,L,L,L,L,L,L,L,L,L,L,L,L,L,L,L,L,L,L,L,L,L,L,L,L,L,L,L,L,L,L,L,L,L,L,L,L,L,L,L,L,L,L,L,L,-,L,L,L,L,L,L,L,L,L,L,L,L,L,L,L,L,L,L,L,L,L,L,L,L,L,L,L,L,L,L,L,L,L,L,L,L,L,-,L,L,L,L,L,L,L,L,L,L,L,L,L,L,L,C,C,C,C,C,C,C,C,C,C,C,C,C,C,C,C,C,C,L,L,L,L,L,L,L,L,L,L,L,L,L,L,L,L,C,C,C,C,C,C,C,C,C,C,C,C,C,C,C,C,C,C,C,C,C,C,C,L,L,-,L,L,L,L,L,L,L,L,L,L,L,L,L,L,L,L,L,C,C,C,C,-,C,C,C
159,C,C,C,C,C,C,C,C,C,C,C,C,C,C,C,C,C,L,L,L,L,L,L,L,L,L,L,L,L,L,L,L,L,L,L,L,L,L,L,L,L,L,L,L,L,L,L,C,C,C,C,C,C,C,C,C,C,C,C,C,C,C,C,C,C,C,C,C,L,L,L,L,L,L,L,L,L,L,L,L,L,L,L,L,L,L,L,L,L,L,L,L,L,L,L,-,L,L,L,L,L,L,L,L,L,L,L,L,L,L,L,L,L,L,C,C,C,C,C,C,C,C,C,C,C,C,C,C,C,C,C,C,C,C,L,L,L,L,L,L,L,L,L,L,L,L,C,C,C,C,C,C,C,C,C,C,C,L,L,L,C,C,C,C,C,C,C,L,L,L,L,L,L,L,L,-,L,L,L,L,L,L,L,L,L,L,L,L,L,L,L,L,L,L,L,L,L,L,C,C,C,C,C,C,C,C,C,C,C,C,C,C,C,C,C,C,C,C,C,C,C,C,C,C,-,C,C,C,C,C,-,C,C,C
160,C,C,C,C,C,C,C,C,C,C,C,C,L,L,L,L,L,L,L,L,L,L,L,L,L,L,L,L,L,L,L,L,L,L,L,L,L,L,L,L,L,L,L,L,L,L,L,L,L,L,L,L,L,L,L,L,L,L,L,L,L,L,L,L,L,L,L,L,L,L,C,C,C,C,L,L,L,L,L,L,L,L,L,L,L,L,L,L,L,L,L,L,L,L,L,-,L,L,L,L,L,L,L,L,L,L,L,L,L,L,L,L,L,L,L,L,L,L,L,L,L,L,L,L,L,L,L,L,L,L,L,L,C,L,L,L,L,L,L,L,L,L,L,L,L,L,L,L,L,L,C,C,C,C,C,C,C,C,C,C,C,C,C,C,C,C,C,L,L,L,L,L,L,L,L,L,L,L,L,L,L,L,L,L,L,L,L,L,L,L,L,L,L,L,L,L,L,L,L,L,L,L,L,L,L,L,L,L,L,L,L,L,L,L,L,L,L,L,L,L,L,L,L,L,L,L,L,L,L,L,-,L,L,L
161,C,C,C,C,C,C,L,L,L,L,L,L,L,L,L,L,L,L,L,L,L,L,-,L,L,C,L,L,L,L,L,L,L,L,L,L,L,L,L,L,L,L,L,L,L,L,C,C,C,C,C,C,C,C,C,C,C,C,C,C,C,C,L,L,L,L,L,L,C,C,C,C,C,C,C,C,C,C,C,C,C,C,C,C,C,C,L,L,L,L,L,L,L,L,L,L,L,L,L,L,L,L,L,L,L,L,L,L,L,L,L,L,L,L,L,L,L,L,L,L,L,L,L,L,L,L,L,-,-,-,-,-,C,C,C,C,C,C,C,C,C,C,C,C,C,C,C,C,C,C,C,C,C,C,C,C,C,C,C,C,C,C,C,C,C,C,C,L,L,L,L,L,L,L,L,L,L,L,L,L,L,L,L,L,L,L,L,L,L,L,L,L,L,L,L,L,L,L,L,L,L,L,L,L,L,L,L,L,L,L,L,L,L,L,L,L,L,L,L,L,L,L,L,L,L,L,L,L,L,L,-,L,L,L
162,C,-,C,L,L,L,L,L,C,C,C,L,C,C,L,L,L,L,L,L,L,L,L,L,C,C,L,L,L,L,L,L,L,L,L,L,L,L,L,L,L,L,L,L,L,L,L,L,L,L,L,L,L,L,L,L,L,L,L,-,C,C,C,C,C,C,C,C,L,L,L,L,L,L,L,L,L,L,L,L,L,L,L,L,L,L,L,L,L,L,L,L,L,L,L,L,L,L,L,L,L,L,L,L,L,L,L,L,L,L,L,L,L,L,L,L,L,L,L,L,L,L,L,L,L,L,L,L,L,L,L,L,C,C,L,L,L,L,L,L,L,L,L,L,L,L,L,L,L,L,L,L,L,L,L,L,L,L,L,L,L,L,L,L,L,L,L,-,L,L,L,L,L,L,L,L,L,L,L,L,L,L,L,L,L,L,L,L,L,L,L,L,L,L,L,L,L,L,L,L,L,L,L,L,L,L,L,L,-,L,L,L,L,L,L,L,L,L,L,C,C,C,C,C,C,C,C,C,C,C,-,C,C,C
